tipo_cirameva;cpv;cpv_nombre_aprox;titulo;organo;provincia;lugar;tipo_contrato;valor_estimado_eur;presupuesto_eur;fin_plazo;duracion;expediente;anuncio_oficial;ficha_cirameva
equipamiento médico;33115000;;Suministro, instalación, puesta en marcha y mantenimiento de dos equipos de tomografía computerizada helicoidal multicorte y equipamiento asociado para los Servicios de Radiología del nuevo Hospital de Puertollano y del Hospital Nacional de Parapléjicos de Toledo.;Secretaria General del Servicio de Salud de Castilla-La Mancha;Castilla-LaMancha;Toledo;Suministro;913223.14;913223.14;2026-10-05 12:00;['62', 'MON'];2026/037205;https://contrataciondelestado.es/wps/poc?uri=deeplink:detalle_licitacion&idEvl=soJC7SZwmhjLIx6q1oPaMg%3D%3D;https://cirameva.com/sanidad/licitaciones/suministro-instalacion-puesta-en-marcha-y-mantenimiento-de-d-4706ec/
material sanitario;33000000;;Subministrament de roba i equips de protecció individual a Infraestructures de la Generalitat de Catalunya SAU.;Infraestructures de la Generalitat de Catalunya, SAU;;;Suministro;161337.33;121003.0;2026-10-05 13:00;['3', 'ANN'];EPIS 2026-2029;https://contractaciopublica.cat/ca/detall-publicacio/ee9c26f2-d7ca-4499-a266-d76e96d82009/300881475;https://cirameva.com/sanidad/licitaciones/subministrament-de-roba-i-equips-de-proteccio-individual-a-i-615da5/
prevención de riesgos laborales;85148000;;Servicio de analíticas-test toxicológicos y radiografías para detectar el consumo de drogas;Dirección del Centro Penitenciario de Huelva;Huelva;Huelva;Servicios;59000.0;59000.0;2026-10-05 14:00;['18', 'MON'];2026Gqz00038;https://contrataciondelestado.es/wps/poc?uri=deeplink:detalle_licitacion&idEvl=fOB933KMwhzyoM4us5k4vw%3D%3D;https://cirameva.com/sanidad/licitaciones/servicio-de-analiticas-test-toxicologicos-y-radiografias-par-aa12ae/
medicamentos y reactivos;33000000;;Suministro de medicamentos veterinarios y material fungible sanitario para el centro de protección animal del Ayuntamiento de Vitoria-Gasteiz durante los años 2027 y 2028;Ayuntamiento de Vitoria-Gasteiz-Concejala-Delegada del Departamento de Deporte, Salud y Cooperación al desarrollo;;;Suministro;75280.42;68436.76;2026-10-05 14:00;['2', 'ANN'];2026/CO_SSUM/0035;https://www.contratacion.euskadi.eus/webkpe00-kpeperfi/es/contenidos/anuncio_contratacion/expjaso743076/es_doc/index.html;https://cirameva.com/sanidad/licitaciones/suministro-de-medicamentos-veterinarios-y-material-fungible-8395b4/
prótesis e implantes;33184100;;CS/CC00/1101479983/27/AM: acuerdo marco para el suministro agregado de implantes endovasculares aórticos (complementario) para centros del Instituto Catalán de la Salud;ICS - Gerència de compres;;;Suministro;5669325.0;2099750.0;2026-10-05 14:00;;ICSCC00-2027-6;https://contractaciopublica.cat/ca/detall-publicacio/e0665e8a-275e-4750-a14c-16205f825e69/300881664;https://cirameva.com/sanidad/licitaciones/cs-cc00-1101479983-27-am-acuerdo-marco-para-el-suministro-ag-68dce5/
servicio social;85312300;;Programa de promoción de la salud y prevención universal de adicciones en los centros educativos de primaria en la Rioja;Dirección General de Salud Pública, Consumo y Cuidados, Consejería de Salud y Políticas Sociales;;;Servicios;124307.1;29830.36;2026-10-05 14:00;['12', 'MON'];06-7-9.01-0099/2026;https://www.larioja.org/contratacion-publica/es/licitaciones/consulta-expedientes?homepage=?p_colateral%3D06-7-9.01-0099%2F2026%26p_dia_ini%3D16%26p_mes_ini%3D09%26p_ano_ini%3D2026%26p_dia_fin%3D16%26p_mes_fin%3D09%26p_ano_fin%3D2026%26p_todas%3DN;https://cirameva.com/sanidad/licitaciones/programa-de-promocion-de-la-salud-y-prevencion-universal-de-d63e0f/
prótesis e implantes;33184100;;pa 287/2025 suministro de protesis reparadoras: mallas (subgrupo 04.12), con destino a los centros sanitarios adscritos a la central provincial de compras de sevilla, mediante procedimiento abierto y presentación electrónica de ofertas.;Servicio Andaluz de Salud;;;Suministro;8394429.28;3109047.88;2026-10-05 15:00;['24', 'MON'];CONTR 2026 0000274705 SEVILLA;https://www.juntadeandalucia.es/haciendayadministracionpublica/apl/pdc_sirec/perfiles-licitaciones/detalle-licitacion.jsf?idExpediente=1000270;https://cirameva.com/sanidad/licitaciones/pa-287-2025-suministro-de-protesis-reparadoras-mallas-subgru-65d19d/
equipamiento médico;33141000;;paam 296/2025 acuerdo marco con una única empresa para la contratación del suministro de tracto sucesivo y precios unitarios de los fungibles relacionados con la monitorización cardiaca del catálogo sas , con destino a los centros sanitarios adscritos a la central provincial de compras de sevilla, mediante procedimiento abierto y presentación electrónica de ofertas.;Servicio Andaluz de Salud;;;Suministro;4698907.4;2135867.0;2026-10-05 15:00;['24', 'MON'];CONTR 2026 0000265693;https://www.juntadeandalucia.es/haciendayadministracionpublica/apl/pdc_sirec/perfiles-licitaciones/detalle-licitacion.jsf?idExpediente=981700;https://cirameva.com/sanidad/licitaciones/paam-296-2025-acuerdo-marco-con-una-unica-empresa-para-la-co-e6e221/
prótesis e implantes;33184300;;Suministro de sistema completo para implantación de válvula pulmonar transcatéter de pericardio bovino y endoprótesis adaptativa con sistemas de liberación para el Servicio de Cardiología Pediátrica del Hospital Universitario Ramón y Cajal;Hospital Universitario Ramón y Cajal;;;Suministro;120000.0;120000.0;2026-10-05 18:00;['12', 'MON'];2026000032;https://contratos-publicos.comunidad.madrid/contrato-publico/suministro-sistema-completo-implantacion-valvula-pulmonar-transcateter-pericardio;https://cirameva.com/sanidad/licitaciones/suministro-de-sistema-completo-para-implantacion-de-valvula-ec17fa/
equipamiento médico;33195000;;Suministro de 8 CENTRALES DE MONITORIZACIÓN, 164 MONITORES DE CONSTANTES MULTIPARAMÉTRICOS Y 18 CAPNÓGRAFOS para el equipamiento de varios Servicios en la Fase I de la ampliación del Hospital Clínico Universitario, Departamento de Salud de Valencia Clínico-Malvarrosa.;Departamento de Salud de Valencia Clínico. Dirección Económica-Gerencia;Valencia/València;VALENCIA;Suministro;926200.0;926200.0;2026-10-05 19:00;['2', 'MON'];832/2026;https://contrataciondelestado.es/wps/poc?uri=deeplink:detalle_licitacion&idEvl=ZoneYtimMhp9PLkba5eRog%3D%3D;https://cirameva.com/sanidad/licitaciones/suministro-de-8-centrales-de-monitorizacion-164-monitores-de-29014a/
residencia o centro de día;85312000;;Servicio del Centro de Día de menores de Inserción Sociolaboral Espardenyers del Ayuntamiento de Vila-real;Alcaldia del Ayuntamiento de Vila-real;Castellón/Castelló;Vila-Real;Servicios;545519.24;272759.61;2026-10-05 23:59;['2', 'ANN'];2026/16056V;https://contrataciondelestado.es/wps/poc?uri=deeplink:detalle_licitacion&idEvl=aMT18ROhkiCP66GS%2BONYvQ%3D%3D;https://cirameva.com/sanidad/licitaciones/servicio-del-centro-de-dia-de-menores-de-insercion-sociolabo-52de13/
asistencia sanitaria;85111000;;Servicio de urgencias, hospitalización e intervenciones quirúrgicas, consultas especializadas y pruebas diagnósticas asociadas en el municipio de Córdoba, provincia de Córdoba, para Mutua Intercomarcal Mutua Colaboradora de la Seguridad Social Número 39;Director Gerente de Mutua Intercomarcal MATEPSS Nº 39;Barcelona;Barcelona;Servicios;534737.02;133684.3;2026-10-05 23:59;['1', 'ANN'];2026/LIC/0051;https://contrataciondelestado.es/wps/poc?uri=deeplink:detalle_licitacion&idEvl=CYtb4W%2FeoZ%2FN3k3tjedSGw%3D%3D;https://cirameva.com/sanidad/licitaciones/servicio-de-urgencias-hospitalizacion-e-intervenciones-quiru-ffd7a8/
equipamiento médico;33192230;;Suministro, instalación y puesta en funcionamiento de 4 monitores fetales para el servicio de Paritorio en el Hospital Universitario del Henares.;Hospital Universitario del Henares;;;Suministro;;78000.0;2026-10-05 23:59;['1', 'MON'];HUH PAS SUM 2026/07;https://contratos-publicos.comunidad.madrid/contrato-publico/suministro-instalacion-puesta-funcionamiento-4-monitores-fetales-servicio;https://cirameva.com/sanidad/licitaciones/suministro-instalacion-y-puesta-en-funcionamiento-de-4-monit-ceca88/
prótesis e implantes;33184100;;Suministro de mallas de pared abdominal, con destino a los Hospitales pertenecientes al Servicio Madrileño de Salud - 22 lotes;Agencia de Contratación Sanitaria de la Comunidad de Madrid;;;Suministro;14464656.79;6574843.99;2026-10-05 23:59;['24', 'MON'];AM PA SUM 64/2025 (A/SUM-057199/2025);https://contratos-publicos.comunidad.madrid/contrato-publico/suministro-mallas-pared-abdominal-destino-hospitales-pertenecientes-servicio;https://cirameva.com/sanidad/licitaciones/suministro-de-mallas-de-pared-abdominal-con-destino-a-los-ho-a8bdb1/
equipamiento médico;33195100;;Suministro, instalación y puesta en funcionamiento de sistemas de monitorización para la unidad de UCI Quirúrgica del Hospital Universitario Puerta de Hierro Majadahonda;Hospital Universitario Puerta de Hierro Majadahonda;;;Suministro;;390000.0;2026-10-05 23:59;['1', 'MON'];A/SUM-040189/2026;https://contratos-publicos.comunidad.madrid/contrato-publico/suministro-instalacion-puesta-funcionamiento-sistemas-monitorizacion-unidad-uci-0;https://cirameva.com/sanidad/licitaciones/suministro-instalacion-y-puesta-en-funcionamiento-de-sistema-b3fa2a/
equipamiento médico;33172100;;Suministro, instalación y puesta en marcha de equipos de anestesia de gama media y de monitores para los equipos de anestesia con destino al servicio de anestesia del Hospital Universitario Puerta de Hierro Majadahonda;Hospital Universitario Puerta de Hierro Majadahonda;;;Suministro;765000.0;765000.0;2026-10-05 23:59;['2', 'MON'];A/SUM-036824/2026;https://contratos-publicos.comunidad.madrid/contrato-publico/suministro-instalacion-puesta-marcha-equipos-anestesia-gama-media-monitores;https://cirameva.com/sanidad/licitaciones/suministro-instalacion-y-puesta-en-marcha-de-equipos-de-anes-e9a4c9/
productos de higiene y cuidado;33731110;;Adquisición de lentes intraoculares y puesta a disposicion del equipamiento necesario con destino al hospital universitario santa cristina;Hospital Universitario Santa Cristina;;;Suministro;855120.0;203600.0;2026-10-05 23:59;['6', 'MON'];PA A/SUM-033956/2026;https://contratos-publicos.comunidad.madrid/contrato-publico/adquisicion-lentes-intraoculares-puesta-disposicion-equipamiento-necesario-destino;https://cirameva.com/sanidad/licitaciones/adquisicion-de-lentes-intraoculares-y-puesta-a-disposicion-d-2514ac/
equipamiento médico;33100000;;Suministros, instalación y puesta en marcha de cuatro equipos de anestesia de gama media y cuatro monitores hemodinámicos;Hospital Universitario de Getafe;;;Suministro;180000.0;180000.0;2026-10-05 23:59;['1', 'MON'];A/SUM-037364/2026;https://contratos-publicos.comunidad.madrid/contrato-publico/suministros-instalacion-puesta-marcha-cuatro-equipos-anestesia-gama-media-cuatro;https://cirameva.com/sanidad/licitaciones/suministros-instalacion-y-puesta-en-marcha-de-cuatro-equipos-7154de/
equipamiento médico;33100000;;Suministro, instalación y puesta en funcionamiento de seis monitores hemodinámicos con destino al Hospital Universitario El Escorial;Hospital Universitario El Escorial;;;Suministro;59970.0;59970.0;2026-10-05 23:59;['1', 'MON'];A/SUM-037450/2026;https://contratos-publicos.comunidad.madrid/contrato-publico/suministro-instalacion-puesta-funcionamiento-seis-monitores-hemodinamicos-destino;https://cirameva.com/sanidad/licitaciones/suministro-instalacion-y-puesta-en-funcionamiento-de-seis-mo-d4695c/
material sanitario;33162100;;Suministro, instalación y puesta en funcionamiento de7 mesas quirúrgicas para el Hospital Universitario Puerta de Hierro Majadahonda;Hospital Universitario Puerta de Hierro Majadahonda;;;Suministro;;301000.0;2026-10-05 23:59;['3', 'MON'];A/SUM-036420/2026;https://contratos-publicos.comunidad.madrid/contrato-publico/suministro-instalacion-puesta-funcionamiento-7-mesas-quirurgicas-hospital;https://cirameva.com/sanidad/licitaciones/suministro-instalacion-y-puesta-en-funcionamiento-de7-mesas-93dc31/
servicio social;85311100;;L’objecte del contracte és la contractació d’un servei gestió integral de la xarxa de casals comunitaris per la gent gran, que inclou:  facilitar la transició de la jubilació cap a una vida activa, participativa i satisfactòria,  fomentar la participació activa en activitats comunitàries, culturals i de lleure, i  identificar necessitats específiques i oferir derivacions a recursos o serveis especialitzats.;Ajuntament de Mataró;;;Servicios;1964307.4;892867.0;2026-10-05 23:59;['2', 'ANN'];2026/000032904;https://contractaciopublica.cat/ca/detall-publicacio/b079611c-510f-458e-b823-e20c7ea1e5fb/300876737;https://cirameva.com/sanidad/licitaciones/lobjecte-del-contracte-es-la-contractacio-dun-servei-gestio-e9eac3/
asistencia sanitaria;85111500;;Servicios de atención en unidad de rehab. para niños y adolescentes de 3 a 14 años con enfermedades del sistema nervioso, anomalías congénitas y/o trastornos mentales en régimen de hospitalización de día. 1 Lote;Agencia de Contratación Sanitaria de la Comunidad de Madrid;;;Servicios;14449680.0;3616080.0;2026-10-05 23:59;['12', 'MON'];PA SER 10/2026 (A/SER-035219/2026);https://contratos-publicos.comunidad.madrid/contrato-publico/servicios-atencion-unidad-rehab-ninos-adolescentes-3-14-anos-enfermedades-sistema;https://cirameva.com/sanidad/licitaciones/servicios-de-atencion-en-unidad-de-rehab-para-ninos-y-adoles-dd5354/
prótesis e implantes;33184100;;Suministro de material sanitario para intervenciones de prótesis de hombro de la OSI Debagoiena;OSAKIDETZA - Servicio Vasco de Salud -Director Gerente;;;Suministro;213006.0;71002.0;2026-10-06 10:00;['1', 'ANN'];2026/01758;https://www.contratacion.euskadi.eus/webkpe00-kpeperfi/es/contenidos/anuncio_contratacion/exposakisap2026001758/es_doc/index.html;https://cirameva.com/sanidad/licitaciones/suministro-de-material-sanitario-para-intervenciones-de-prot-065957/
equipamiento médico;33140000;;Suministro de desfibriladores y suministro sucesivo y continuado del fungible asociado, para la Hospital del Mar y para el Hospital de la Esperanza, centros del Consorci Mar Parc de Salut de Barcelona, según características y condiciones definidas en el Pliego de prescripciones técnicas de la licitación.;Consorci Mar Parc de Salut de Barcelona;;;Suministro;949025.07;555490.31;2026-10-06 11:00;['1', 'ANN'];HM-2026-304;https://contractaciopublica.cat/ca/detall-publicacio/bf50becf-d4a6-451d-a149-2ec765383135/300889637;https://cirameva.com/sanidad/licitaciones/suministro-de-desfibriladores-y-suministro-sucesivo-y-contin-7b18df/
servicio veterinario;85200000;;gbio - servicio veterinario crea las almohallas (almería);Agencia de Medio Ambiente y Agua de Andalucía;;;Servicios;51120.0;25560.0;2026-10-06 12:00;['18', 'MON'];CONTR 2026 0000285028;https://www.juntadeandalucia.es/haciendayadministracionpublica/apl/pdc_sirec/perfiles-licitaciones/detalle-licitacion.jsf?idExpediente=1008005;https://cirameva.com/sanidad/licitaciones/gbio-servicio-veterinario-crea-las-almohallas-almeria-3339a8/
material sanitario;33192200;;Suministro, instalación y puesta en funcionamiento de una Mesa de Tallado para el Servicio de Anatomía Patológica del Hospital Universitario de Móstoles.;Hospital Universitario de Móstoles;;;Suministro;61000.0;61000.0;2026-10-06 14:00;['45', 'DAY'];A/SUM-033646/2026;https://contratos-publicos.comunidad.madrid/contrato-publico/suministro-instalacion-puesta-funcionamiento-mesa-tallado-servicio-anatomia;https://cirameva.com/sanidad/licitaciones/suministro-instalacion-y-puesta-en-funcionamiento-de-una-mes-2c5bf5/
equipamiento médico;33140000;;Suministro de diverso material para cirugía laparoscópica, con puesta a disposición de equipos, para el Hospital Universitario de Fuenlabrada;Hospital Universitario de Fuenlabrada;;;Suministro;1357844.28;261123.9;2026-10-06 14:00;['12', 'MON'];PA SUM 26-021;https://contratos-publicos.comunidad.madrid/contrato-publico/suministro-diverso-material-cirugia-laparoscopica-puesta-disposicion-equipos-0;https://cirameva.com/sanidad/licitaciones/suministro-de-diverso-material-para-cirugia-laparoscopica-co-0de842/
material sanitario;33100000;;Suministro, instalación y puesta en marcha de una máquina de anestesia para el edificio de protonterapia del Hospital Universitario de Fuenlabrada;Hospital Universitario de Fuenlabrada;;;Suministro;28000.0;28000.0;2026-10-06 14:00;['30', 'DAY'];PA SUM 26-020SS;https://contratos-publicos.comunidad.madrid/contrato-publico/suministro-instalacion-puesta-marcha-maquina-anestesia-edificio-protonterapia;https://cirameva.com/sanidad/licitaciones/suministro-instalacion-y-puesta-en-marcha-de-una-maquina-de-132b0a/
diagnóstico por imagen;85000000;;Servicio de realización de ecografías diagnósticas a pacientes de los centros de Atención Primaria adscritos al Hospital Universitario 12 de Octubre;Hospital Universitario 12 de Octubre;;;Servicios;139700.0;139700.0;2026-10-06 18:00;['6', 'MON'];2026-0-51;https://contratos-publicos.comunidad.madrid/contrato-publico/servicio-realizacion-ecografias-diagnosticas-pacientes-centros-atencion-primaria-2;https://cirameva.com/sanidad/licitaciones/servicio-de-realizacion-de-ecografias-diagnosticas-a-pacient-c727db/
servicio social;85311000;;Servicio de gestión del centro de noche “en ola de frio” en Basauri.;Ayuntamiento de Basauri-Alcalde;;;Servicios;35090.25;26992.5;2026-10-06 18:00;['1', 'ANN'];71/26;https://www.contratacion.euskadi.eus/webkpe00-kpeperfi/es/contenidos/anuncio_contratacion/expjaso743080/es_doc/index.html;https://cirameva.com/sanidad/licitaciones/servicio-de-gestion-del-centro-de-noche-en-ola-de-frio-en-ba-926937/
equipamiento médico;33100000;;Suministro, instalación y puesta en funcionamiento de un equipo portatil de imagen por fluorescencia en tiempo real con (icg) para el servicio de cirugía plastica y reparadora del Hospital Universitario 12 de Octubre.;Hospital Universitario 12 de Octubre;;;Suministro;99000.0;99000.0;2026-10-06 18:00;['1', 'MON'];2026-0-66;https://contratos-publicos.comunidad.madrid/contrato-publico/suministro-instalacion-puesta-funcionamiento-equipo-portatil-imagen-fluorescencia;https://cirameva.com/sanidad/licitaciones/suministro-instalacion-y-puesta-en-funcionamiento-de-un-equi-b05e19/
servicio social;85311100;;Servicio de terapia ocupacional 2027-2028;Instituto Aragonés de Servicios Sociales (IASS);Zaragoza;Zaragoza;Servicios;58542.88;58542.88;2026-10-06 23:59;['2', 'ANN'];IASS-2027-00061;https://contrataciondelestado.es/wps/poc?uri=deeplink:detalle_licitacion&idEvl=hh1wE151GAI7%2B9FIQYNjeQ%3D%3D;https://cirameva.com/sanidad/licitaciones/servicio-de-terapia-ocupacional-2027-2028-b31bf4/
atención a menores;85311300;;Contrato de servicio de gestion para la dinamización y gestión de actividades de arte y creatividad del espacio infantil del Ayuntamiento de Nava, Espacio Creativo, en la Casa de Cultura Marta Portal, mediante procedimiento abierto, tramitación ordinaria.;Alcaldía del Ayuntamiento de Nava;Asturias;Nava;Servicios;10400.0;5200.0;2026-10-06 23:59;['7', 'MON'];83658R;https://contrataciondelestado.es/wps/poc?uri=deeplink:detalle_licitacion&idEvl=wiMasvc7qXrua%2Fi14w%2FPLA%3D%3D;https://cirameva.com/sanidad/licitaciones/contrato-de-servicio-de-gestion-para-la-dinamizacion-y-gesti-87dc2e/
servicio social;85310000;;Desarrollo del programa de intervención socioeducativa y psicosocial;Ayuntamiento de Eibar-Alcalde del Ayuntamiento de Eibar;;;Servicios;1697927.5;1131951.66;2026-10-06 23:59;;2026051EI;https://www.contratacion.euskadi.eus/webkpe00-kpeperfi/es/contenidos/anuncio_contratacion/expjaso739023/es_doc/index.html;https://cirameva.com/sanidad/licitaciones/desarrollo-del-programa-de-intervencion-socioeducativa-y-psi-a43624/
servicio social;85311000;;Vías vivienda, itinerarios y acompañamiento social para la integración, cofinanciado en un 40% por el Fondo Social Europeo Plus 2021-2027;Consejería de Familia, Juventud y Asuntos Sociales;;;Servicios;4918740.0;1967496.0;2026-10-06 23:59;['24', 'MON'];A/SER-035447/2026 (046/2027);https://contratos-publicos.comunidad.madrid/contrato-publico/vias-vivienda-itinerarios-acompanamiento-social-integracion-cofinanciado-40-fondo;https://cirameva.com/sanidad/licitaciones/vias-vivienda-itinerarios-y-acompanamiento-social-para-la-in-63ec48/
servicio social;85312300;;Dinamización Centro soft-skills COE-Madrid 2027.;Consejería de Economía, Hacienda y Empleo;;;Servicios;834246.66;278082.22;2026-10-06 23:59;['12', 'MON'];A/SER-016911/2026;https://contratos-publicos.comunidad.madrid/contrato-publico/dinamizacion-centro-soft-skills-coe-madrid-2027-0;https://cirameva.com/sanidad/licitaciones/dinamizacion-centro-soft-skills-coe-madrid-2027-8ce7f0/
asistencia sanitaria;85141000;;L’objecte del present contracte és la realització del servei mèdic professional consistent en la vigilància de la salut de les persones usuàries de la residència Els Josepets, situada a La Plataforma de Serveis Frederica Montseny, així com la realització de programes per a la promoció, prevenció, manteniment i assistència a la salut de les persones usuàries i la seva adaptació als canvis en situacions d’urgència.;Organisme Municipal d'Assistència Integral, Social I Sanitària (AISSA - MITJÀ PROPI);;;Servicios;55376.2;25171.0;2026-10-06 23:59;;246/2026/eAISSA;https://contractaciopublica.cat/ca/detall-publicacio/1d0d2611-2dc5-4661-8fda-a2ae555baf14/300889348;https://cirameva.com/sanidad/licitaciones/lobjecte-del-present-contracte-es-la-realitzacio-del-servei-bc896c/
servicio social;85311300;;"En el marc del Pla Educatiu d'Entorn, que és una iniciativa en què el Departament d'Educació de la Generalitat i aquest Ajuntament pel qual acorden un seguit de mesures que vetllen per la millora educativa de l'alumnat de Sant Adrià, es proposa realitzar un servei de mentoria dirigit a l'alumnat de secundària i de l'últim cicle de primària que presenten situacions de vulnerabilitat en la seva trajectòria educativa. El mentor, com a agent experimentat, ofereix al mentorat acompanyament individualitzat, ajuda, orientació i protecció en el procés de desenvolupament acadèmic i personal, i esdevé un referent positiu establint una relació de confiança i suport emocional. El nombre total de parelles seran vuit; quatre a l'Institut Escola de la Mina, i quatre a l'Institut Manuel Vázquez Montalban. Ambdós centres escolliran els quatre alumnes susceptibles de ser mentorats i l'entitat gestora del projecte, a les vuit persones mentorants. Es contempla la possibilitat que s'incopori algun centre més, en tot cas, caldrà restar la parella dels dos centres actuals.";Ajuntament de Sant Adrià de Besòs;;;Servicios;23644.8;4926.0;2026-10-06 23:59;;SAB_2026000052;https://contractaciopublica.cat/ca/detall-publicacio/5ad23c5f-13b5-44ef-bed4-fb7938689374/300888028;https://cirameva.com/sanidad/licitaciones/en-el-marc-del-pla-educatiu-d-entorn-que-es-una-iniciativa-e-132ce9/
equipamiento médico;33169100;;Suministro, montaje y puesta a disposición de un sistema de laser quirurgico de dioxido de carbono (CO2) para el bloque quirúrgico del Hospital Universitario Severo Ochoa;Hospital Universitario Severo Ochoa;;;Suministro;84264.0;84264.0;2026-10-06 23:59;['1', 'MON'];A/SUM-033360/2026;https://contratos-publicos.comunidad.madrid/contrato-publico/suministro-montaje-puesta-disposicion-sistema-laser-quirurgico-dioxido-carbono-co2;https://cirameva.com/sanidad/licitaciones/suministro-montaje-y-puesta-a-disposicion-de-un-sistema-de-l-33748d/
servicio social;85311100;;Servicio de promoción de la autonomía personal y prevención de la dependencia.;Alcaldía;;;Servicios;46729.25;21240.57;2026-10-06 23:59;['1', 'ANN'];3014_305252M;https://hacienda.navarra.es/sicpportal/mtoAnunciosModalidad.aspx?cod=260921135703EA46D896;https://cirameva.com/sanidad/licitaciones/servicio-de-promocion-de-la-autonomia-personal-y-prevencion-568352/
prevención de riesgos laborales;85100000;;Servicio de prevención ajeno del Ayuntamiento de Estella-Lizarra;Junta Gobierno Local;;;Servicios;142032.96;35508.24;2026-10-06 23:59;['1', 'ANN'];3023_264702R;https://hacienda.navarra.es/sicpportal/mtoAnunciosModalidad.aspx?cod=2609211108286661AEEF;https://cirameva.com/sanidad/licitaciones/servicio-de-prevencion-ajeno-del-ayuntamiento-de-estella-liz-1cf5c0/
material sanitario;33192100;;Suministro, instalación y puesta en marcha de dos mesas quirúrgicas, una destinada al bloque quirúrgico del Hospital Universitario Royo Villanova y otra al bloque quirúrgico del hospital Nuestra Señora De Gracia, ambos adscritos al Sector Sanitario Zaragoza I;Gerencia Sector Sanitario de Zaragoza 1;Zaragoza;Zaragoza;Suministro;100826.44;100826.44;2026-10-07 14:00;['2', 'MON'];SAS_Z1-2026-50024;https://contrataciondelestado.es/wps/poc?uri=deeplink:detalle_licitacion&idEvl=mcWBdN86P7wwYTJJ03sHog%3D%3D;https://cirameva.com/sanidad/licitaciones/suministro-instalacion-y-puesta-en-marcha-de-dos-mesas-quiru-c8abd3/
material sanitario;33190000;;Contrato de suministro de sistemas de micrófonos remotos (MR) dirigido al alumnado con necesidades educativas especiales escolarizados en centros educativos ordinarios no universitarios sostenidos con fondos públicos para los años 2027 y 2028.;Consejería de Educación y Universidades;Illes Balears;Palma;Suministro;195984.0;81660.0;2026-10-07 14:00;;CONTR 2026/22128;https://contrataciondelestado.es/wps/poc?uri=deeplink:detalle_licitacion&idEvl=fseVh29fCDfI8aL3PRS10Q%3D%3D;https://cirameva.com/sanidad/licitaciones/contrato-de-suministro-de-sistemas-de-microfonos-remotos-mr-3e1827/
medicamentos y reactivos;33696000;;CSN-2026-0018: Suministro sucesivo de pruebas rápidas necesarias para realizar él diagnóstico en fluido oral de él VIH/sida y de él virus de la hepatitis C (VHC);Consellería de Sanidade- SERGAS;;;Suministro;165376.0;62532.8;2026-10-07 14:00;;PcPG/2026/829193;https://www.contratosdegalicia.gal/licitacion?N=829193;https://cirameva.com/sanidad/licitaciones/csn-2026-0018-suministro-sucesivo-de-pruebas-rapidas-necesar-42e450/
productos de higiene y cuidado;33793000;;Suministro de material de vidrio y volumétrico, material de plástico y material fungible de uso común y material para la técnica PCR a los Laboratorios adscritos al Servicio de Investigación Agraria de la Consejería de Agricultura, Ganadería, Mundo Rural y Medio Ambiente;Dirección General de Agricultura y Ganadería, Consejería de Agricultura, Ganadería, Mundo Rural y Medio Ambiente;;;Suministro;274691.89;183127.92;2026-10-07 14:00;['24', 'MON'];05-3-2.01-0056/2026;https://www.larioja.org/contratacion-publica/es/licitaciones/consulta-expedientes?homepage=?p_colateral%3D05-3-2.01-0056%2F2026%26p_dia_ini%3D03%26p_mes_ini%3D09%26p_ano_ini%3D2026%26p_dia_fin%3D03%26p_mes_fin%3D09%26p_ano_fin%3D2026%26p_todas%3DN;https://cirameva.com/sanidad/licitaciones/suministro-de-material-de-vidrio-y-volumetrico-material-de-p-67e54b/
ayuda a domicilio;85312000;;Servicio de ayuda a domicilio de Collado Villalba;Alcaldía del Ayuntamiento de Collado Villalba;Madrid;Collado Villalba;Servicios;746236.6;248745.53;2026-10-07 19:00;['1', 'ANN'];46CON/2026;https://contrataciondelestado.es/wps/poc?uri=deeplink:detalle_licitacion&idEvl=aoEZDgUkf2uGCFcHcNGIlQ%3D%3D;https://cirameva.com/sanidad/licitaciones/servicio-de-ayuda-a-domicilio-de-collado-villalba-b101e5/
medicamentos y reactivos;33696500;;Sistema Dinámico de Adquisición de Suministros para laboratorio;Canal de Isabel II, S.A.;;;Suministro;80430039.27;36559108.78;2026-10-07 23:59;['2', 'ANN'];91-2025;https://contratos-publicos.comunidad.madrid/contrato-publico/sistema-dinamico-adquisicion-suministros-laboratorio;https://cirameva.com/sanidad/licitaciones/sistema-dinamico-de-adquisicion-de-suministros-para-laborato-5240f3/
material sanitario;33192100;;Suministro de tres camas de partos para el Servicio de Paritorio del Hospital Universitario Son Llàtzer;Servicio de Salud de las Illes Balears;Illes Balears;Palma;Suministro;49586.79;49586.79;2026-10-08 11:00;['60', 'DAY'];HSLL314/2026;https://contrataciondelestado.es/wps/poc?uri=deeplink:detalle_licitacion&idEvl=EZ1PuEP1UNY7u6%2B%2FR7DUoA%3D%3D;https://cirameva.com/sanidad/licitaciones/suministro-de-tres-camas-de-partos-para-el-servicio-de-parit-62beff/
material sanitario;33195000;;Veure Plec de Clàusules Administratives Particulars;Fundació Institut d'Investigació Sanitària Pere Virgili;;;Suministro;38496.0;38496.0;2026-10-08 11:00;;Exp.Núm.IISPV2026-12;https://contractaciopublica.cat/ca/detall-publicacio/14bce343-545a-4d3a-a455-6c97f814a201/300886623;https://cirameva.com/sanidad/licitaciones/veure-plec-de-clausules-administratives-particulars-f9efa2/
fisioterapia y rehabilitación;85142000;;CPS-2026-0111: Concesión de servicio de podología en diversos centros sociocomunitarios dependientes del departamento territorial de la Consellería de Política Social e Igualdad en A Coruña (Expediente: 43/2026);Consellería de Política Social e Igualdade;;;Concesión de servicios;158018.75;210.0;2026-10-08 11:00;;PcPG/2026/829121;https://www.contratosdegalicia.gal/licitacion?N=829121;https://cirameva.com/sanidad/licitaciones/cps-2026-0111-concesion-de-servicio-de-podologia-en-diversos-23ae8a/
material sanitario;33192120;;Suministro de camas para la UCI;OSAKIDETZA - Servicio Vasco de Salud -Director General;;;Suministro;4546800.0;3789000.0;2026-10-08 12:00;['6', 'MON'];2026/01787;https://www.contratacion.euskadi.eus/webkpe00-kpeperfi/es/contenidos/anuncio_contratacion/exposakisap2026001787/es_doc/index.html;https://cirameva.com/sanidad/licitaciones/suministro-de-camas-para-la-uci-b3fa3d/
asistencia sanitaria;85000000;;Contratación del servicio de podología en varios Casals Cívics i Comunitaris de la Direcció General d’Acció Comunitària i Innovació Social;Departament de Drets Socials i Inclusió;;;Servicios;998904.0;499452.0;2026-10-08 12:00;;BE-2027-22;https://contractaciopublica.cat/ca/detall-publicacio/54289c6a-ef50-4494-90f2-f69eb15e9a4a/300885774;https://cirameva.com/sanidad/licitaciones/contratacion-del-servicio-de-podologia-en-varios-casals-civi-c1248b/
material sanitario;33168100;;Suministro, instalación y puesta en funcionamiento de una torre de videocistoscopia, 3 videocistoscopios flexibles reutilizables y 1 cistoscopio rígido reutilizable para el servicio de urología del Hospital Universitario Fundación Alcorcón a adjudicar por procedimiento abierto simplificado con pluralidad de criterios;Hospital Universitario Fundación Alcorcón;;;Suministro;70247.93;70247.93;2026-10-08 14:00;['2', 'MON'];PAS-SUM 101/26;https://contratos-publicos.comunidad.madrid/contrato-publico/suministro-instalacion-puesta-funcionamiento-torre-videocistoscopia-3;https://cirameva.com/sanidad/licitaciones/suministro-instalacion-y-puesta-en-funcionamiento-de-una-tor-fe2287/
equipamiento médico;33195100;;Subministrament de monitors PIC i equip d’elastografia per l’HUVH;ICS - Hospital Universitari Vall Hebron;;;Suministro;106591.13;106591.13;2026-10-08 14:00;;CS/AH01/1101482475/26/PS;https://contractaciopublica.cat/ca/detall-publicacio/f1a728cf-fa91-4c81-a58f-6b13fb9203d7/300888269;https://cirameva.com/sanidad/licitaciones/subministrament-de-monitors-pic-i-equip-delastografia-per-lh-e3b668/
material sanitario;33150000;;ubministrament de l'Equipament dele Nou Servei de Rehabilitació de l'IAS. Lots deserts.;Institut d'Assistència Sanitària (IAS);;;Suministro;139594.0;118300.0;2026-10-08 14:00;['2', 'MON'];CONTR/2026/000000128;https://contractaciopublica.cat/ca/detall-publicacio/862207d6-6702-4c79-aa99-aff16e50d6ba/300889597;https://cirameva.com/sanidad/licitaciones/ubministrament-de-l-equipament-dele-nou-servei-de-rehabilita-041ad0/
material sanitario;33100000;;AB-ASC1-26-055. Suministro de un recipiente criogénico para él Servicio de Hematología de él HUAC;Consellería de Sanidade- SERGAS;;;Suministro;53719.01;65000.0;2026-10-08 14:00;;PcPG/2026/829195;https://www.contratosdegalicia.gal/licitacion?N=829195;https://cirameva.com/sanidad/licitaciones/ab-asc1-26-055-suministro-de-un-recipiente-criogenico-para-e-3eaa68/
material sanitario;33110000;;Suministro de un Arco Quirúrgico de RX para el Servicio de Cirugía Vascular de la OSI EzkerraldeaEnkarterriCruces;OSAKIDETZA - Servicio Vasco de Salud -Director Gerente;;;Suministro;209170.0;209170.0;2026-10-08 14:30;['6', 'MON'];2026/01328;https://www.contratacion.euskadi.eus/webkpe00-kpeperfi/es/contenidos/anuncio_contratacion/exposakisap2026001328/es_doc/index.html;https://cirameva.com/sanidad/licitaciones/suministro-de-un-arco-quirurgico-de-rx-para-el-servicio-de-c-561ae2/
equipamiento médico;33190000;;contratación del suministro, instalación completa y puesta en marcha de un láser erbio dentro del plan integral de salud bucodental, para distrito sanitario córdoba guadalquivir, centros adscritos a la central provincial de compras de córdoba, mediante procedimiento abierto simplificado abreviado (supersimplificado). (pass 46/26);Servicio Andaluz de Salud;;;Suministro;37190.08;37190.08;2026-10-08 15:00;['1', 'MON'];CONTR 2026 0000322760;https://www.juntadeandalucia.es/haciendayadministracionpublica/apl/pdc_sirec/perfiles-licitaciones/detalle-licitacion.jsf?idExpediente=1007660;https://cirameva.com/sanidad/licitaciones/contratacion-del-suministro-instalacion-completa-y-puesta-en-922193/
residencia o centro de día;85312100;;Servicio de centro de día en Eskalantegi (Pasaia) para personas adultas con trastorno del espectro del autismo (TEA);Diputación Foral de Gipuzkoa-Consejo de Gobierno Foral;;;Servicios;2127417.19;1125693.08;2026-10-08 18:00;['3', 'ANN'];2026/71;https://www.contratacion.euskadi.eus/webkpe00-kpeperfi/es/contenidos/anuncio_contratacion/expjaso743343/es_doc/index.html;https://cirameva.com/sanidad/licitaciones/servicio-de-centro-de-dia-en-eskalantegi-pasaia-para-persona-a4e878/
material sanitario;33140000;;Suministro de material sanitario y antiséptico para el CPAP de Bergondo;Centro de Promoción de la Autonomía Personal del IMSERSO;A Coruña;Bergondo;Suministro;18878.64;18876.64;2026-10-08 23:59;['12', 'MON'];PASA 19/2026;https://contrataciondelestado.es/wps/poc?uri=deeplink:detalle_licitacion&idEvl=EGtzi1LM5jHmnwcj%2BxbdTg%3D%3D;https://cirameva.com/sanidad/licitaciones/suministro-de-material-sanitario-y-antiseptico-para-el-cpap-067ceb/
asistencia sanitaria;85143000;;Servei d'assistència sanitària preventiva i trasllat sanitari mitjançant ambulància durant el desenvolupament d'actes, activitats i esdeveniments en motiu de la celebració de les Fires de Sant Narcís 2026.;Ajuntament de Girona;;;Servicios;44018.2;36681.83;2026-10-08 23:59;;2026048097;https://contractaciopublica.cat/ca/detall-publicacio/bf15bd73-f16d-4e19-a163-77af330c2e34/300891348;https://cirameva.com/sanidad/licitaciones/servei-d-assistencia-sanitaria-preventiva-i-trasllat-sanitar-7d91ce/
productos de higiene y cuidado;33700000;;Suministro de esponjas desechables con gel hipoalergénico incorporado para el H. G. U. Gregorio Marañón;Hospital General Universitario Gregorio Marañón;;;Suministro;312001.04;60000.2;2026-10-08 23:59;['12', 'MON'];A/SUM-037676/2026;https://contratos-publicos.comunidad.madrid/contrato-publico/suministro-esponjas-desechables-gel-hipoalergenico-incorporado-h-g-u-gregorio;https://cirameva.com/sanidad/licitaciones/suministro-de-esponjas-desechables-con-gel-hipoalergenico-in-93db2b/
servicio social;85312000;;L’objecte del contracte és la prestació del servei d’intervenció socioeducativa, prospecció i atenció integral a persones en situació de sensellarisme i vulnerabilitat extrema en espais públics del municipi d’Esplugues de Llobregat en els termes previstos als plecs de condicions tècniques particulars reguladors de la contractació. El contracte té com a finalitat la detecció pròpia i l'atenció directa de persones en situació de sostre zero o habitatge insegur/inadequat, el desenvolupament d'itineraris d'acompanyament i gestió de cas, la intervenció comunitària a l'espai públic, així com donar suport especialitzat i treballar de forma articulada amb l'equip de Serveis Socials Bàsics de l'Ajuntament d'Esplugues de Llobregat i la xarxa d'agents de la ciutat.;Ajuntament d'Esplugues de Llobregat;;;Servicios;59423.07;59423.07;2026-10-09 12:00;;2026/11269/1403;https://contractaciopublica.cat/ca/detall-publicacio/cd8a07de-6919-438c-b954-518be3715810/300895363;https://cirameva.com/sanidad/licitaciones/lobjecte-del-contracte-es-la-prestacio-del-servei-dintervenc-f7d786/
laboratorio clínico;85000000;;servicios para la realización de análisis clínicos complementarios a los reconocimientos médicos de embarque;Instituto Social de la Marina -Dirección Provincial de Almería;Almería;Almería;Servicios;51450.0;24500.0;2026-10-09 14:00;['1', 'ANN'];0426PA10091740;https://contrataciondelestado.es/wps/poc?uri=deeplink:detalle_licitacion&idEvl=x7iZggUc%2FEikU02jNGj1Fw%3D%3D;https://cirameva.com/sanidad/licitaciones/servicios-para-la-realizacion-de-analisis-clinicos-complemen-ae8737/
ayuda a domicilio;85320000;;Servicio de ayuda a domicilio del Ayuntamiento de Segovia;Pleno del Ayuntamiento de Segovia;Segovia;Segovia;Servicios;14835235.17;6252542.85;2026-10-09 14:00;['2', 'ANN'];18/2026/P15003;https://contrataciondelestado.es/wps/poc?uri=deeplink:detalle_licitacion&idEvl=zoWVOMT1b8p70UvEyYJSGw%3D%3D;https://cirameva.com/sanidad/licitaciones/servicio-de-ayuda-a-domicilio-del-ayuntamiento-de-segovia-2d30ec/
prótesis e implantes;33184100;;Suministro agregado de material para cirurgia oftálmologica de un sol uso, implantes y dispositivos oftálmicos para los centros del Institut Català de la Salut y centros adheridos Gestió de Serveis Sanitaris, Hospital de Cerdanya AECT Agrupació Europea de Cooperació Territorial y Consorci Sanitaria de l'Anoia.;ICS - Gerència de compres;;;Suministro;30843540.63;14687400.3;2026-10-09 14:00;;ICSCC00-2026-411;https://contractaciopublica.cat/ca/detall-publicacio/a01adc1a-b3f6-43de-aa31-e9350665ca50/300897237;https://cirameva.com/sanidad/licitaciones/suministro-agregado-de-material-para-cirurgia-oftalmologica-8d2186/
material sanitario;33140000;;Suministro de sistemas de infusión por bomba volumétrica y de jeringa, con destino al Hospital Clínic de Barcelona;Consorci Hospital Clínic de Barcelona (HCB);;;Suministro;3670973.6;1311062.0;2026-10-09 14:00;['2', 'ANN'];2026-73;https://contractaciopublica.cat/ca/detall-publicacio/f76b1e84-0638-4860-8daa-5500ddf04e63/300895853;https://cirameva.com/sanidad/licitaciones/suministro-de-sistemas-de-infusion-por-bomba-volumetrica-y-d-ccffa6/
prótesis e implantes;33184000;;Subministrament d’implants d’osteosíntesi, ciments i substituts ossis sintètics, amb destí a l’Institut Clínic d’Especialitats Mèdiques i Quirúrgiques de l’Hospital Clínic de Barcelona.;Consorci Hospital Clínic de Barcelona (HCB);;;Suministro;7123282.66;3816044.28;2026-10-09 14:00;['3', 'ANN'];2026-54;https://contractaciopublica.cat/ca/detall-publicacio/37855326-bd8f-4d42-bd0a-e579b845d567/300889519;https://cirameva.com/sanidad/licitaciones/subministrament-dimplants-dosteosintesi-ciments-i-substituts-421327/
medicamentos y reactivos;33696500;;El objeto del presente contrato es el suministro de reactivos específicos y del material fungible necesario para realizar determinaciones analíticas en los Laboratorios del BST.;Banc de Sang i Teixits (BST);;;Suministro;7106291.59;5921909.66;2026-10-09 14:00;;CS/2000/1100008114/30/PO;https://contractaciopublica.cat/ca/detall-publicacio/7078ce93-7e67-4bc4-8e71-316cf1164f2c/300884708;https://cirameva.com/sanidad/licitaciones/el-objeto-del-presente-contrato-es-el-suministro-de-reactivo-72f835/
salud mental;85121270;;Servicio de asesoramiento, acompañamiento y atención a víctimas de violencias machistas;Ayuntamiento de Galdakao-Alcalde;;;Servicios;560000.0;420000.0;2026-10-09 18:00;['3', 'ANN'];4973/2026;https://www.contratacion.euskadi.eus/webkpe00-kpeperfi/es/contenidos/anuncio_contratacion/expjaso733172/es_doc/index.html;https://cirameva.com/sanidad/licitaciones/servicio-de-asesoramiento-acompanamiento-y-atencion-a-victim-46002b/
material sanitario;33140000;;P.A.S. 2026-5-12. Suministro de balón intra-aórtico de contrapulsación para el Hospital Universitario La Paz;Hospital Universitario La Paz;;;Suministro;121952.16;55432.8;2026-10-09 18:00;['12', 'MON'];P.A.S. 2026-5-12;https://contratos-publicos.comunidad.madrid/contrato-publico/pas-2026-5-12-suministro-balon-intra-aortico-contrapulsacion-hospital;https://cirameva.com/sanidad/licitaciones/p-a-s-2026-5-12-suministro-de-balon-intra-aortico-de-contrap-e5ada6/
servicio social;85311300;;Ejecución del programa preventivo NAYFA en la provincia de Córdoba;Delegación Territorial de Inclusión Social, Juventud, Familias e Igualdad en Córdoba;;;Administrativo especial;538050.12;269025.06;2026-10-09 18:00;['24', 'MON'];CONTR 2026 0000211617;https://www.juntadeandalucia.es/haciendayadministracionpublica/apl/pdc_sirec/perfiles-licitaciones/detalle-licitacion.jsf?idExpediente=1008633;https://cirameva.com/sanidad/licitaciones/ejecucion-del-programa-preventivo-nayfa-en-la-provincia-de-c-2b5375/
medicamentos y reactivos;33696500;;Adquisición de material de control ambiental para OMPs;Sección de Asuntos Económicos del Parque y Centro de Abastecimiento de Material de Intendencia;Madrid;Madrid;Suministro;49657.0;49657.0;2026-10-09 23:59;['2', 'MON'];2026/ETSAE0111/00001036E;https://contrataciondelestado.es/wps/poc?uri=deeplink:detalle_licitacion&idEvl=s0w9ubsPtoszjChw4z%2FXvw%3D%3D;https://cirameva.com/sanidad/licitaciones/adquisicion-de-material-de-control-ambiental-para-omps-c4c678/
servicio social;85312400;;Servicio de atención temprana;Junta de Gobierno Local del Ayuntamiento de A Laracha;A Coruña;A Laracha;Servicios;298237.68;298237.68;2026-10-09 23:59;['1', 'ANN'];2026/C004/000007;https://contrataciondelestado.es/wps/poc?uri=deeplink:detalle_licitacion&idEvl=O%2FjcRWdc%2FWg3vLk2DU2Ddg%3D%3D;https://cirameva.com/sanidad/licitaciones/servicio-de-atencion-temprana-3880bd/
material sanitario;33162100;;Suministro de equipamiento médico/quirúrgico integrado para el quirófano de ginecología (q.7), del Hospital General Universitario Dr. Balmis.;Departamento de Salud Alicante. Dirección Económica-Gerencia;Alicante/Alacant;Alicante/Alacant;Suministro;332570.25;332570.25;2026-10-09 23:59;['4', 'MON'];PA 389/2026;https://contrataciondelestado.es/wps/poc?uri=deeplink:detalle_licitacion&idEvl=FXgf72YxDC69Hd5zqvq9cg%3D%3D;https://cirameva.com/sanidad/licitaciones/suministro-de-equipamiento-medico-quirurgico-integrado-para-cb0ae0/
material sanitario;33100000;;Suministro de un gastroscopio con canal de trabajo terapéutico, para la unidad de endoscopia del Hospital Universitario de la Princesa;Hospital Universitario de La Princesa;;;Suministro;32335.0;32335.0;2026-10-09 23:59;['1', 'MON'];A/SUM-040196/2026;https://contratos-publicos.comunidad.madrid/contrato-publico/suministro-gastroscopio-canal-trabajo-terapeutico-unidad-endoscopia-hospital;https://cirameva.com/sanidad/licitaciones/suministro-de-un-gastroscopio-con-canal-de-trabajo-terapeuti-d963e0/
equipamiento médico;33192230;;Suministro, instalación y puesta en marcha de una mesa quirúrgica de altas prestaciones con columna móvil o semimóvil y tablero intercambiable adaptable a procesos quirúrgicos complejos o específicos para el Bloque Quirúrgico (Q8.1) del Hospital Universitario de La Princesa;Hospital Universitario de La Princesa;;;Suministro;95000.0;95000.0;2026-10-09 23:59;['1', 'MON'];A/SUM-040675/2026;https://contratos-publicos.comunidad.madrid/contrato-publico/suministro-instalacion-puesta-marcha-mesa-quirurgica-altas-prestaciones-columna;https://cirameva.com/sanidad/licitaciones/suministro-instalacion-y-puesta-en-marcha-de-una-mesa-quirur-59288e/
residencia o centro de día;85311000;;Acuerdo Marco de Atención residencial con atención diurna para personas adultas con discapacidad intelectual en proceso de envejecimiento prematuro;Consejería de Familia, Juventud y Asuntos Sociales;;;Servicios;1624382.46;98.9;2026-10-09 23:59;['4', 'ANN'];A/SER-005927/2026;https://contratos-publicos.comunidad.madrid/contrato-publico/acuerdo-marco-atencion-residencial-atencion-diurna-personas-adultas-discapacidad;https://cirameva.com/sanidad/licitaciones/acuerdo-marco-de-atencion-residencial-con-atencion-diurna-pa-c9a786/
servicio social;85310000;;Establecer las condiciones aplicables a la contratación del servicio municipal de asistencia personal de barcelona, con medidas de contratación pública sostenible.;Institut Municipal de Persones amb Discapacitat;;;Servicios;15942691.15;13285575.96;2026-10-09 23:59;['4', 'ANN'];009_26000059;https://contractaciopublica.cat/ca/detall-publicacio/e283e4ae-dc87-44f5-8cd2-3234b9d21864/300879218;https://cirameva.com/sanidad/licitaciones/establecer-las-condiciones-aplicables-a-la-contratacion-del-46b50c/
ayuda a domicilio;85320000;;Contratación de los servicios de Teleasistencia domiciliaria del Ayuntamiento de Almàssera;Junta de Gobierno del Ayuntamiento de Almàssera;Valencia/València;Almàssera;Servicios;45360.0;37800.0;2026-10-10 23:59;['4', 'ANN'];3163/2026;https://contrataciondelestado.es/wps/poc?uri=deeplink:detalle_licitacion&idEvl=vpc14x%2BjK93jHF5qKI4aaw%3D%3D;https://cirameva.com/sanidad/licitaciones/contratacion-de-los-servicios-de-teleasistencia-domiciliaria-fca578/
medicamentos y reactivos;33662000;;Subministrament d'antidots UIS i ERI;Sistema d'Emergències Mèdiques (SEM);;;Suministro;48205.0;48205.0;2026-10-12 10:00;['10', 'MON'];SEM-2027-7;https://contractaciopublica.cat/ca/detall-publicacio/0fc48295-8578-44b0-8349-4b91b9d38a85/300887759;https://cirameva.com/sanidad/licitaciones/subministrament-d-antidots-uis-i-eri-3afece/
medicamentos y reactivos;33692510;;Suministro de los lotes desiertos de soluciones para fluidoterapia e irrigación para el Hospital Universitario Germans Trias i Pujol;ICS - Gerència de compres;;;Suministro;2931212.36;610669.24;2026-10-12 12:00;;CS/AH03/1101482358/27/AMUP;https://contractaciopublica.cat/es/detall-publicacio/ab525d82-eb6e-4d5b-bb48-0bbca9316133/300875966;https://cirameva.com/sanidad/licitaciones/suministro-de-los-lotes-desiertos-de-soluciones-para-fluidot-4eb19c/
fisioterapia y rehabilitación;85142100;;Servicio de fisioterapia para la población protegida de Mutua Montañesa distribuidas por lotes en las localidades de Jerez de los Caballeros, Miranda de Ebro, Potes, Lloret de Mar, Blanes, Sant Feliu, Palamós, Rosas, LLagosteras, Toroella, Arbucies, Santa Coloma de Farnés, Anglés, Sant Hilari de Sacalm, Guardo y Aranda de Duero;Dirección General de Mutua Montañesa;Girona;Girona;Servicios;251596.8;157248.0;2026-10-12 18:00;['36', 'MON'];MM/2026/142;https://contrataciondelestado.es/wps/poc?uri=deeplink:detalle_licitacion&idEvl=Cld0tJ60PI2zz8fXU2i3eQ%3D%3D;https://cirameva.com/sanidad/licitaciones/servicio-de-fisioterapia-para-la-poblacion-protegida-de-mutu-ef9ef9/
salud mental;85121200;;Servicio asistencia técnica de imagen para realización de cardiorresonancias magnéticas y de estudios de diagnósticos por imagen de alta resolución, resonancia magnética y tomografía axial computerizada, para el Centro de Medicina del CSD;Presidencia del Consejo Superior de Deportes;España;Madrid;Servicios;60780.0;30390.0;2026-10-13 10:00;['1', 'ANN'];2026hMA00064;https://contrataciondelestado.es/wps/poc?uri=deeplink:detalle_licitacion&idEvl=D2KT%2BF47jZwaF6cS8TCh%2FA%3D%3D;https://cirameva.com/sanidad/licitaciones/servicio-asistencia-tecnica-de-imagen-para-realizacion-de-ca-4ceb69/
material sanitario;33100000;;Mesas de Anestesia de Gama Media para el Servicio de Cirugía General;Hospital Universitario Príncipe de Asturias;;;Suministro;70000.0;70000.0;2026-10-13 10:00;['15', 'DAY'];PAS HUPA 130/26;https://contratos-publicos.comunidad.madrid/contrato-publico/mesas-anestesia-gama-media-servicio-cirugia-general;https://cirameva.com/sanidad/licitaciones/mesas-de-anestesia-de-gama-media-para-el-servicio-de-cirugia-21706d/
salud mental;85121270;;Servicios de atención individualizada y grupos de empoderamiento en la casa de las mujeres de Donostia.;Ayuntamiento de Donostia/San Sebastián-Junta de Gobierno Local;;;Servicios;225711.58;44659.62;2026-10-13 11:00;['1', 'ANN'];2026/051;https://www.contratacion.euskadi.eus/webkpe00-kpeperfi/es/contenidos/anuncio_contratacion/expjaso742963/es_doc/index.html;https://cirameva.com/sanidad/licitaciones/servicios-de-atencion-individualizada-y-grupos-de-empoderami-458e07/
salud mental;85121200;;Servicio de guardias de los servicios de ginecología, anestesia, urología u otros servicios que acrediten dicha necesidad para el hospital universitario Obispo Polanco.;Gerencia Sector Sanitario de Teruel;Teruel;Teruel;Servicios;328000.0;328000.0;2026-10-13 12:00;['3', 'MON'];SAS_TE_2026_PA_68;https://contrataciondelestado.es/wps/poc?uri=deeplink:detalle_licitacion&idEvl=ykTGzwmXT3%2FECtSnloz%2BZQ%3D%3D;https://cirameva.com/sanidad/licitaciones/servicio-de-guardias-de-los-servicios-de-ginecologia-anestes-5a4d19/
material sanitario;33100000;;Suministro de equipamiento para Atención Primaria;OSAKIDETZA - Servicio Vasco de Salud -Director General;;;Suministro;1808184.0;1506820.0;2026-10-13 12:00;['2', 'MON'];2026/01714;https://www.contratacion.euskadi.eus/webkpe00-kpeperfi/es/contenidos/anuncio_contratacion/exposakisap2026001714/es_doc/index.html;https://cirameva.com/sanidad/licitaciones/suministro-de-equipamiento-para-atencion-primaria-396fba/
servicio social;85311300;;Implantar un nuevo servicio de atención precoz especializado en TEA con el objetivo de garantizar una atención integral, equitativa y personalizada a los niños con TEA y a sus familias, mediante la creación de equipos especializados que se conviertan en referentes territoriales. Se contratan 9 nuevos servicios para cubrir todo el territorio.;Departament de Drets Socials i Inclusió;;;Servicios;17969101.15;17969101.15;2026-10-13 12:00;['30', 'MON'];BE-2026-1531;https://contractaciopublica.cat/ca/detall-publicacio/189d503f-1434-485f-baf8-6473b90280a4/300891637;https://cirameva.com/sanidad/licitaciones/implantar-un-nuevo-servicio-de-atencion-precoz-especializado-b420eb/
productos de higiene y cuidado;33711500;;Subministrament d'equips de protecció individual (Lot 1), d'equips de protecció individual contra el foc (Lot 2) i cremes de protecció solar i repel·lents d'insectes (Lot 3) per al personal municipal;Ajuntament de Sant Cugat del Vallès;;;Suministro;126381.46;26329.47;2026-10-13 12:00;['1', 'ANN'];15351/2026;https://contractaciopublica.cat/ca/detall-publicacio/3100bc8d-0b1f-4b6b-810a-a452be864332/300891309;https://cirameva.com/sanidad/licitaciones/subministrament-d-equips-de-proteccio-individual-lot-1-d-equ-6544b9/
medicamentos y reactivos;33696500;;Detección de virus HBV, HCV, HIV y HPV mediante técnicas moleculares con cesión de autoanalizadores;Consorci Corporació Sanitària Parc Taulí de Sabadell;;;Suministro;2188684.8;1621248.0;2026-10-13 13:00;['4', 'ANN'];27SM0165Q;https://contractaciopublica.cat/ca/detall-publicacio/8f5c8c3e-f056-496e-a5b6-a15754219f55/300890459;https://cirameva.com/sanidad/licitaciones/deteccion-de-virus-hbv-hcv-hiv-y-hpv-mediante-tecnicas-molec-4e4316/
residencia o centro de día;85311300;;Servicios de intervención socioeducativa (SIS) no residencial, Entorno Joven, para niños y adolescentes y sus familias, tutores o guardadores de hecho que se presta principalmente fuera del horario escolar en los períodos lectivos.;Ajuntament de Premià de Mar;;;Servicios;763313.49;331961.73;2026-10-13 13:00;['2', 'ANN'];C174-2026-8608;https://contractaciopublica.cat/ca/detall-publicacio/4e88d94f-ae15-4185-bc64-ba689808275a/300876069;https://cirameva.com/sanidad/licitaciones/servicios-de-intervencion-socioeducativa-sis-no-residencial-7ece13/
medicamentos y reactivos;33651400;;Suministro de Axitinib y Pazopanib para el Servicio de Farmacia del Hospital Universitario Miguel Servet y Hospital General de la Defensa de Zaragoza;Gerencia Sector Sanitario de Zaragoza 2;Zaragoza;Zaragoza;Suministro;127542.19;106285.16;2026-10-13 14:00;['24', 'MON'];SAS_Z2_2027_PAS_76;https://contrataciondelestado.es/wps/poc?uri=deeplink:detalle_licitacion&idEvl=4TgwPx2qmCAadbH3CysQuQ%3D%3D;https://cirameva.com/sanidad/licitaciones/suministro-de-axitinib-y-pazopanib-para-el-servicio-de-farma-7403d4/
medicamentos y reactivos;33696500;;Suministro de reactivos, calibradores, controles, consumibles y material fungible necesarios para la determinación de gasometría en sangre para el Hospital Universitario de Móstoles;Hospital Universitario de Móstoles;;;Suministro;106260.0;48300.0;2026-10-13 14:00;['12', 'MON'];A/SUM-040410/2026;https://contratos-publicos.comunidad.madrid/contrato-publico/suministro-reactivos-calibradores-controles-consumibles-material-fungible;https://cirameva.com/sanidad/licitaciones/suministro-de-reactivos-calibradores-controles-consumibles-y-1c33b2/
material sanitario;33100000;;Mesas Anestesia Servicio Urología y Ginecología;Hospital Universitario Príncipe de Asturias;;;Suministro;70000.0;70000.0;2026-10-13 14:00;['15', 'DAY'];PAS HUPA 128/26;https://contratos-publicos.comunidad.madrid/contrato-publico/mesas-anestesia-servicio-urologia-ginecologia;https://cirameva.com/sanidad/licitaciones/mesas-anestesia-servicio-urologia-y-ginecologia-c19677/
material sanitario;33100000;;Mesas Anestesia Gama Media Centro Especialidades Francisco Díaz;Hospital Universitario Príncipe de Asturias;;;Suministro;70000.0;70000.0;2026-10-13 14:00;['15', 'DAY'];PAS HUPA 126/26;https://contratos-publicos.comunidad.madrid/contrato-publico/mesas-anestesia-gama-media-centro-especialidades-francisco-diaz;https://cirameva.com/sanidad/licitaciones/mesas-anestesia-gama-media-centro-especialidades-francisco-d-e90ca8/
medicamentos y reactivos;33696500;;El objeto del presente contrato es el suministro de los reactivos específicos necesarios para la realización de determinaciones analíticas en los laboratorios del Banco de Sangre y Tejidos (BST), así como la cesión, instalación, puesta en funcionamiento y mantenimiento del equipamiento necesario para su ejecución.;Banc de Sang i Teixits (BST);;;Suministro;11105473.2;9254561.0;2026-10-13 14:00;;CS/2000/1100008271/30/PO;https://contractaciopublica.cat/ca/detall-publicacio/eebf8085-3f9f-4e06-a975-bcfca027b7c5/300884879;https://cirameva.com/sanidad/licitaciones/el-objeto-del-presente-contrato-es-el-suministro-de-los-reac-31e90a/
material sanitario;33140000;;Subministrament de cobertura quirúrgica d’un sol ús en règim de dipòsit, duent a terme la seva gestió, distribució, emmagatzematge i reposició, per al Bloc Quirúrgic de l’Hospital Comarcal d’Amposta.;HOSPITAL COMARCAL D'AMPOSTA, S.A.M.;;;Suministro;325210.6;162605.3;2026-10-13 14:00;['2', 'ANN'];HCA 009/2026;https://contractaciopublica.cat/ca/detall-publicacio/f25f3635-84a8-48d5-adab-5f22754ed27c/300877080;https://cirameva.com/sanidad/licitaciones/subministrament-de-cobertura-quirurgica-dun-sol-us-en-regim-83885c/
medicamentos y reactivos;33696500;;Contrato de suministro de reactivos y consumibles destinado a la preparación de muestras, generación de bibliotecas y análisis de expresión génica;Gerencia Fundación para la Investigación de Málaga en Biomedicina y Salud (FIMABIS);Málaga;Málaga;Suministro;68523.0;68523.0;2026-10-13 15:00;['24', 'MON'];2026053;https://contrataciondelestado.es/wps/poc?uri=deeplink:detalle_licitacion&idEvl=hFcxKG8K8lF4zIRvjBVCSw%3D%3D;https://cirameva.com/sanidad/licitaciones/contrato-de-suministro-de-reactivos-y-consumibles-destinado-123d0e/
material sanitario;33152000;;P.A.S. 41/2026. Suministro, instalación y puesta en funcionamiento de tres cunas térmicas de reanimación neonatal con destino al servicio de neonatología del Hospital Universitario La Paz;Hospital Universitario La Paz;;;Suministro;70200.0;70200.0;2026-10-13 17:59;['30', 'DAY'];P.A.S. 41/2026;https://contratos-publicos.comunidad.madrid/contrato-publico/pas-412026-suministro-instalacion-puesta-funcionamiento-tres-cunas-termicas;https://cirameva.com/sanidad/licitaciones/p-a-s-41-2026-suministro-instalacion-y-puesta-en-funcionamie-d12b8b/
prótesis e implantes;33184100;;P.A.S.A. 2026-1-22. Suministro de implantes de prótesis tumorales a medida para el Hospital Universitario La Paz;Hospital Universitario La Paz;;;Suministro;57234.0;57234.0;2026-10-13 18:00;['1', 'MON'];P.A.S.A. 2026-1-22;https://contratos-publicos.comunidad.madrid/contrato-publico/pasa-2026-1-22-suministro-implantes-protesis-tumorales-medida-hospital;https://cirameva.com/sanidad/licitaciones/p-a-s-a-2026-1-22-suministro-de-implantes-de-protesis-tumora-6fe190/
residencia o centro de día;85312100;;gestión del centro de día de mayores de Beriain;Asamblea;;;Gestión de servicio público;229810.0;;2026-10-13 23:00;['5', 'ANN'];8091_CONTRATOS/2026/CentroDia;https://hacienda.navarra.es/sicpportal/mtoAnunciosModalidad.aspx?cod=2609251234059C373AFE;https://cirameva.com/sanidad/licitaciones/gestion-del-centro-de-dia-de-mayores-de-beriain-d67056/
ayuda a domicilio;85312000;;Servicio de Ayuda a Domicilio del Ayuntamiento de Aranda de Duero;Alcaldía del Ayuntamiento de Aranda de Duero;Burgos;Aranda de Duero (Burgos);Servicios;3255429.9;1627714.95;2026-10-13 23:59;['1', 'ANN'];ABR/SERV/2026000038;https://contrataciondelestado.es/wps/poc?uri=deeplink:detalle_licitacion&idEvl=3U9TsquDg3msNfRW6APEDw%3D%3D;https://cirameva.com/sanidad/licitaciones/servicio-de-ayuda-a-domicilio-del-ayuntamiento-de-aranda-de-d3fda8/
asistencia sanitaria;85000000;;Servicio del Programa de Realidad Virtual: El Mundo de los Sentidos VR de la Delegación de Cohesión Social.;Junta de Gobierno del Ayuntamiento de Dos Hermanas;Sevilla;Dos Hermanas;Servicios;82328.4;27442.8;2026-10-13 23:59;['7', 'MON'];2026000042;https://contrataciondelestado.es/wps/poc?uri=deeplink:detalle_licitacion&idEvl=G1IUnlljdkHL1rX3q%2FMAPA%3D%3D;https://cirameva.com/sanidad/licitaciones/servicio-del-programa-de-realidad-virtual-el-mundo-de-los-se-03c1f5/
residencia o centro de día;85311100;;Contrato concesión servicios Residencia de Mayores La Vega;Pleno del Ayuntamiento de Riosa;Asturias;Riosa;Concesión de servicios;1790710.32;1279078.85;2026-10-13 23:59;['5', 'ANN'];709/2026;https://contrataciondelestado.es/wps/poc?uri=deeplink:detalle_licitacion&idEvl=znfj6oSzGU9LAIVZdUs8KA%3D%3D;https://cirameva.com/sanidad/licitaciones/contrato-concesion-servicios-residencia-de-mayores-la-vega-43ae5e/
fisioterapia y rehabilitación;85142100;;Servicios de Fisioterapia, Logopedia y Psicología en el Centro de Atención e Intervención Temprana de Dos Hermanas;Junta de Gobierno del Ayuntamiento de Dos Hermanas;Sevilla;Dos Hermanas;Servicios;767956.45;163394.99;2026-10-13 23:59;['11', 'MON'];2026000032;https://contrataciondelestado.es/wps/poc?uri=deeplink:detalle_licitacion&idEvl=qlFdgNA9dROIzo3LHNPGcQ%3D%3D;https://cirameva.com/sanidad/licitaciones/servicios-de-fisioterapia-logopedia-y-psicologia-en-el-centr-071002/
servicio social;85320000;;Servicio de intervención familiar y apoyo a la parentalidad positiva del Ayuntamiento de Alhama de Murcia;Alcaldía del Ayuntamiento de Alhama de Murcia;Murcia;Alhama De Murcia;Servicios;169762.76;42440.69;2026-10-13 23:59;['2', 'ANN'];2026000023;https://contrataciondelestado.es/wps/poc?uri=deeplink:detalle_licitacion&idEvl=zvuV5UVO9iw7u6%2B%2FR7DUoA%3D%3D;https://cirameva.com/sanidad/licitaciones/servicio-de-intervencion-familiar-y-apoyo-a-la-parentalidad-bb634c/
material sanitario;33162100;;Arrendamiento sin opción de compra de un sistema de navegación para el quirófano del Servicio de Cirugía Maxilofacial, incluyendo su mantenimiento preventivo y correctivo, del Hospital Universitario Sant Joan d´Alacant, respetando la normativa en materia social y laboral, en un contexto de prácticas respetuosas con el medioambiente e innovación tecnológica.;Departamento de Salud de San Juan Alicante. Dirección Económica-Gerencia;Alicante/Alacant;SANT JOAN D´ALACANT;Suministro;145000.02;145000.02;2026-10-13 23:59;['48', 'MON'];PAS 76/2026;https://contrataciondelestado.es/wps/poc?uri=deeplink:detalle_licitacion&idEvl=xMB2LQ%2BOWTGcCF8sV%2BqtYA%3D%3D;https://cirameva.com/sanidad/licitaciones/arrendamiento-sin-opcion-de-compra-de-un-sistema-de-navegaci-e3ab55/
material sanitario;33191000;;Suministro, instalación y puesta en marcha de un sistema de depósitos independientes para residuos líquidos radiactivos en el Hospital Universitario del Área de Salud de Badajoz;Gerencia del Área de Salud de Badajoz;Badajoz;Badajoz;Suministro;74380.17;74380.17;2026-10-13 23:59;['60', 'DAY'];CS/01/1126059538/26/PAS;https://contrataciondelestado.es/wps/poc?uri=deeplink:detalle_licitacion&idEvl=Uo2%2BKixhbOj9pbnDwlaUlg%3D%3D;https://cirameva.com/sanidad/licitaciones/suministro-instalacion-y-puesta-en-marcha-de-un-sistema-de-d-0197bb/
servicio veterinario;85210000;;Servicio de Gestión y Asistencia para el Bienestar Animal de Burjassot;Junta de Gobierno del Ayuntamiento de Burjassot;Valencia/València;Burjassot (Valencia);Servicios;608571.95;365143.17;2026-10-13 23:59;['3', 'ANN'];2026/12370B;https://contrataciondelestado.es/wps/poc?uri=deeplink:detalle_licitacion&idEvl=senB992qPYvyoM4us5k4vw%3D%3D;https://cirameva.com/sanidad/licitaciones/servicio-de-gestion-y-asistencia-para-el-bienestar-animal-de-30bf04/
laboratorio clínico;85145000;;Servicio especializado para el análisis de muestras de medicamentos a efectos de valorar sustancias prohibidas en el deporte, mediante procedimiento abierto simplificado abreviado (art.159.6 LCSP);Dirección de la Agencia Estatal Comisión Española para la Lucha Antidopaje en el Deporte (CELAD);Madrid;Madrid;Servicios;20160.0;20160.0;2026-10-13 23:59;['4', 'MON'];202600000021;https://contrataciondelestado.es/wps/poc?uri=deeplink:detalle_licitacion&idEvl=TjSQDMUJA26cTfjQf3USOg%3D%3D;https://cirameva.com/sanidad/licitaciones/servicio-especializado-para-el-analisis-de-muestras-de-medic-6fca6e/
equipamiento médico;33100000;;Suministro, instalación y puesta en marcha mediante arrendamiento, con opción a compra, de un equipo de aféresis terapéutica por sistema de centrifugación, con destino al laboratorio de hematología del Hospital General Universitario Santa Lucia- Área de Salud II ¿ Cartagena;Servicio Murciano de Salud - Gerencia;Murcia;Espinardo;Suministro;87130.5;87130.5;2026-10-13 23:59;['36', 'MON'];CS/9999/1101234456/26/PA;https://contrataciondelestado.es/wps/poc?uri=deeplink:detalle_licitacion&idEvl=DQCyfsFXTEMIYE3ZiZ%2BxmQ%3D%3D;https://cirameva.com/sanidad/licitaciones/suministro-instalacion-y-puesta-en-marcha-mediante-arrendami-483f9a/
asistencia sanitaria;85143000;;Serveis preventius sanitaris i d’intervenció que requereix l’Ajuntament de Vilanova i la Geltrú per la Fira de novembre 2026 (del 13 al 15 de novembre del 2026);Ajuntament de Vilanova i la Geltrú;;;Servicios;12361.23;12361.23;2026-10-13 23:59;['1', 'ANN'];334/2026/eCONT;https://contractaciopublica.cat/ca/detall-publicacio/0df7a2ac-256f-492a-9456-aa74dce4b070/300898760;https://cirameva.com/sanidad/licitaciones/serveis-preventius-sanitaris-i-dintervencio-que-requereix-la-a13f00/
servicio social;85311100;;L’objecte del contracte és el servei de gestió integral dels apartaments tutelats i servei d’àpats en companyia per a gent gran a l’equipament Pau Casals, amb mesures de contractació pública sostenible.;Institut Municipal de Serveis Socials;;;Servicios;2626759.16;1315451.38;2026-10-13 23:59;;015_P2600039;https://contractaciopublica.cat/ca/detall-publicacio/2f1272ce-e77a-42a2-9140-bb6c2c77916a/300896044;https://cirameva.com/sanidad/licitaciones/lobjecte-del-contracte-es-el-servei-de-gestio-integral-dels-0bbe9a/
asistencia sanitaria;85140000;;Prestació dels serveis professionals de Podologia al Casal de Gent Gran.;Ajuntament de Vilanova i la Geltrú;;;Servicios;38160.0;28620.0;2026-10-13 23:59;['3', 'ANN'];220/2026/eCONT;https://contractaciopublica.cat/ca/detall-publicacio/07717b22-ef5a-4fba-bba4-88937e2fbcf5/300894018;https://cirameva.com/sanidad/licitaciones/prestacio-dels-serveis-professionals-de-podologia-al-casal-d-20d0d3/
servicio social;85311300;;Servicio de gestión, dinamización, coordinación y desarrollo del Gazteleku del Ayuntamiento de Abadiño.;Ayuntamiento de la Anteiglesia de Abadiño-Alcaldía;;;Servicios;86400.0;18000.0;2026-10-13 23:59;['1', 'ANN'];2026-03687;https://www.contratacion.euskadi.eus/webkpe00-kpeperfi/es/contenidos/anuncio_contratacion/expjaso743901/es_doc/index.html;https://cirameva.com/sanidad/licitaciones/servicio-de-gestion-dinamizacion-coordinacion-y-desarrollo-d-48ea97/
medicamentos y reactivos;33696500;;Suministro de reactivos y cesión de uso de los equipos necesarios para la Sección de Microbiología del Laboratorio de Análisis Clínicos del Hospital Infantil Universitario Niño Jesús;Hospital Infantil Universitario Niño Jesús;;;Suministro;4002197.2;1482295.26;2026-10-13 23:59;['24', 'MON'];A/SUM-019683/2026;https://contratos-publicos.comunidad.madrid/contrato-publico/suministro-reactivos-cesion-uso-equipos-necesarios-seccion-microbiologia;https://cirameva.com/sanidad/licitaciones/suministro-de-reactivos-y-cesion-de-uso-de-los-equipos-neces-ba48f5/
equipamiento médico;33172100;;Suministro de un equipo de anestesia (respirador);Servicio de Salud de las Illes Balears;Illes Balears;Inca;Suministro;43399.75;43399.78;2026-10-14 14:00;['50', 'DAY'];ICASU 2026/36799;https://contrataciondelestado.es/wps/poc?uri=deeplink:detalle_licitacion&idEvl=2IyIHJSss%2Fbmnwcj%2BxbdTg%3D%3D;https://cirameva.com/sanidad/licitaciones/suministro-de-un-equipo-de-anestesia-respirador-1b4d6b/
medicamentos y reactivos;33696500;;Suministro de reactivos, material y equipamiento para el Servicio de Oncología Molecular del AGC Laboratorio de Medicina del HUCA.¿ para Pruebas moleculares para seguimiento de enfermedad mínima residual en pacientes con leucemia y alteración BCR-ABL o mutaciones en NPM1;Gerencia del Área Sanitaria IV del Servicio de Salud del Principado de Asturias;Asturias;Oviedo;Suministro;654615.0;242450.0;2026-10-14 14:00;['24', 'MON'];2026000790;https://contrataciondelestado.es/wps/poc?uri=deeplink:detalle_licitacion&idEvl=tquXyoCWH0M%2Bk2oCbDosIw%3D%3D;https://cirameva.com/sanidad/licitaciones/suministro-de-reactivos-material-y-equipamiento-para-el-serv-fc244b/
asistencia sanitaria;85121100;;Contratación del servicio de asistencia sanitaria primaria en la población de Pulpí (Almería).;Mutua Universal Mugenat, Mutua Colaboradora con la Seguridad Social nº 10;Almería;Barcelona;Servicios;54120.0;24600.0;2026-10-14 14:00;['12', 'MON'];029-2026-0266;https://contrataciondelestado.es/wps/poc?uri=deeplink:detalle_licitacion&idEvl=27KxYA3ovUOopEMYCmrbmw%3D%3D;https://cirameva.com/sanidad/licitaciones/contratacion-del-servicio-de-asistencia-sanitaria-primaria-e-02cc75/
salud mental;85121200;;Asistencia sanitaria ambulatoria para la realización de pruebas de Electromiografías en el ámbito territorial de Benidorm (Alicante);Subdirección General Sanitaria de ASEPEYO. Mutua Colaboradora con la Seguridad Social. num. 151;Extra-Regio NUTS 3;Nacional;Servicios;40040.0;7700.0;2026-10-14 14:00;['12', 'MON'];SP00085/2026;https://contrataciondelestado.es/wps/poc?uri=deeplink:detalle_licitacion&idEvl=Dr1U9nh7u4SExvMJXBMHHQ%3D%3D;https://cirameva.com/sanidad/licitaciones/asistencia-sanitaria-ambulatoria-para-la-realizacion-de-prue-169755/
material sanitario;33112000;;Contractació del subministrament i servei de manteniment d’un ecògraf amb sistema de cartografia prostàtica amb fusió d’imatge per biòpsies de pròstata pel servei d’Urologia de l’Hospital Universitari Sant Joan de Reus.;Salut Sant Joan de Reus - Baix Camp;;;Suministro;187889.0;187889.0;2026-10-14 14:00;['3', 'ANN'];0888/25;https://contractaciopublica.cat/ca/detall-publicacio/2be7a854-eba5-4da7-8338-cdf43a98f914/300896420;https://cirameva.com/sanidad/licitaciones/contractacio-del-subministrament-i-servei-de-manteniment-dun-4dc2ae/
material sanitario;33190000;;Subministrament, instal·lació i posada en funcionament de vuit Sistemes de Normotèrmia per a l’Àrea Quirúrgica del Consorci Hospitalari de Vic (CHV).;Consorci Hospitalari de Vic;;;Suministro;57700.0;57700.0;2026-10-14 14:00;['1', 'MON'];C6103-03-2026-035;https://contractaciopublica.cat/ca/detall-publicacio/a5eb6915-34b2-4726-bf27-2949abcd7673/300891728;https://cirameva.com/sanidad/licitaciones/subministrament-installacio-i-posada-en-funcionament-de-vuit-792815/
material sanitario;33112340;;Contracte de subministrament i instal.lació d'un ecògraf general polivalent per a consultes externes de l'Hospital de Berga.;Salut Catalunya Central;;;Suministro;38760.33;38760.33;2026-10-14 14:00;['1', 'MON'];SCC-22-2026;https://contractaciopublica.cat/ca/detall-publicacio/b3b44d1b-8726-4323-aa34-c3118a029896/300892030;https://cirameva.com/sanidad/licitaciones/contracte-de-subministrament-i-instal-lacio-d-un-ecograf-gen-74e861/
medicamentos y reactivos;33140000;;Contrato de suministro de material fungible y reactivos de laboratorio para la ejecución del proyecto PI25/00876;Gerencia Fundación para la Investigación de Málaga en Biomedicina y Salud (FIMABIS);Málaga;Málaga;Suministro;24693.35;24693.35;2026-10-14 15:00;['36', 'MON'];2026052;https://contrataciondelestado.es/wps/poc?uri=deeplink:detalle_licitacion&idEvl=IbaLEk0p%2FQGLAncw3qdZkA%3D%3D;https://cirameva.com/sanidad/licitaciones/contrato-de-suministro-de-material-fungible-y-reactivos-de-l-dc2f10/
medicamentos y reactivos;33696500;;Contrato de suministro de reactivos, consumibles y materiales asociados necesarios para la preparación de librerías, secuenciación y control de calidad de muestras biológicas;Gerencia Fundación para la Investigación de Málaga en Biomedicina y Salud (FIMABIS);Málaga;Málaga;Suministro;23348.4;23348.4;2026-10-14 15:00;['24', 'MON'];2026054;https://contrataciondelestado.es/wps/poc?uri=deeplink:detalle_licitacion&idEvl=RzsWVGLjrRPi0Kd8%2Brcp6w%3D%3D;https://cirameva.com/sanidad/licitaciones/contrato-de-suministro-de-reactivos-consumibles-y-materiales-e3989f/
material sanitario;33141000;;0000769/2026 suministro de material fungible para infusión - extracción intravascular y percutánea - para centros vinculados a la central provincial de compras de granada mediante procedimiento abierto y presentación electrónica de ofertas (asu028-2026);Servicio Andaluz de Salud;;;Suministro;9003131.89;3334493.29;2026-10-14 15:00;['24', 'MON'];CONTR 2026 0000287693;https://www.juntadeandalucia.es/haciendayadministracionpublica/apl/pdc_sirec/perfiles-licitaciones/detalle-licitacion.jsf?idExpediente=1006464;https://cirameva.com/sanidad/licitaciones/0000769-2026-suministro-de-material-fungible-para-infusion-e-2baf57/
servicio social;85311300;;programa preventivo para niños/as,adolescentes situación dificultad nayfa;Delegación Territorial de Inclusión Social, Juventud, Familias e Igualdad en Málaga;;;Servicios;520962.14;250802.9;2026-10-14 18:00;['24', 'MON'];CONTR 2026 0000147697;https://www.juntadeandalucia.es/haciendayadministracionpublica/apl/pdc_sirec/perfiles-licitaciones/detalle-licitacion.jsf?idExpediente=1009018;https://cirameva.com/sanidad/licitaciones/programa-preventivo-para-ninos-as-adolescentes-situacion-dif-f97e1a/
asistencia sanitaria;85100000;;Servicio de Asistencia hospitalaria en Fuerteventura;Dirección General de IBERMUTUA, Mutua Colaboradora con la Seguridad Social nº 274;Fuerteventura;Madrid;Servicios;79426.71;34533.35;2026-10-14 19:00;['12', 'MON'];CS-2026/3502/0001;https://contrataciondelestado.es/wps/poc?uri=deeplink:detalle_licitacion&idEvl=UYslHHTUEChrhBlEHQFSKA%3D%3D;https://cirameva.com/sanidad/licitaciones/servicio-de-asistencia-hospitalaria-en-fuerteventura-1d7344/
servicio social;85311100;;Servicio de podología para usuarios de los centros de gestión directa adscritos a la Gerencia Territorial del SEPAD en Badajoz;Servicio Extremeño de Promoción de la Autonomía y Atención a la Dependencia (SEPAD).Gerencia Territorial de Badajoz;Badajoz;Badajoz;Servicios;1696800.0;565600.0;2026-10-14 23:59;['12', 'MON'];PSS/2026/0000001506;https://contrataciondelestado.es/wps/poc?uri=deeplink:detalle_licitacion&idEvl=sh5NZLG%2Fb9%2FL1rX3q%2FMAPA%3D%3D;https://cirameva.com/sanidad/licitaciones/servicio-de-podologia-para-usuarios-de-los-centros-de-gestio-47192d/
equipamiento médico;33100000;;Suministro e instalacion de dos equipos de radiofrecuencia terapeutica;Gerencia de Servicios Sanitarios del Área de Salud de Lanzarote;Lanzarote;Arrecife;Suministro;34000.0;34000.0;2026-10-14 23:59;['2', 'MON'];SUM/2026/0000145936;https://contrataciondelestado.es/wps/poc?uri=deeplink:detalle_licitacion&idEvl=lGV0L5CdD%2F4mMOlAXxDEjw%3D%3D;https://cirameva.com/sanidad/licitaciones/suministro-e-instalacion-de-dos-equipos-de-radiofrecuencia-t-05b8e7/
atención a menores;85311300;;"Taller socioeducativo de menores en situación de vulnerabilidad social y Comisión Informativa en derechos de la infancia (""Projecte Arc2) en el ámbito territorial de la localidad de Agost";Alcaldía del Ayuntamiento de Agost;Alicante/Alacant;Agost;Servicios;91636.36;91636.36;2026-10-14 23:59;['2', 'ANN'];2386/2026;https://contrataciondelestado.es/wps/poc?uri=deeplink:detalle_licitacion&idEvl=dYyOuqZzAItVq4S9zvaQpQ%3D%3D;https://cirameva.com/sanidad/licitaciones/taller-socioeducativo-de-menores-en-situacion-de-vulnerabili-2a2118/
prevención de riesgos laborales;85148000;;Servicio de análisis cualitativo y cuantitativo de drogas en muestra de fluido oral (saliva) y de contraste de alcohol y drogas en laboratorio, así como de suministro de material para realizar estas pruebas.;Alcaldía del Ayuntamiento de Mairena del Aljarafe;Sevilla;Mairena del Aljarafe;Servicios;22000.0;16500.0;2026-10-14 23:59;['3', 'ANN'];14852/2026;https://contrataciondelestado.es/wps/poc?uri=deeplink:detalle_licitacion&idEvl=5yvAwxwNkgn9pbnDwlaUlg%3D%3D;https://cirameva.com/sanidad/licitaciones/servicio-de-analisis-cualitativo-y-cuantitativo-de-drogas-en-146ab7/
fisioterapia y rehabilitación;85100000;;Servicio de atenciones ambulatorias y fisioterapia en el Municipio de Arteixo, provincia de A Coruña de la Comunidad Autónoma de Galicia;Director Gerente de Mutua Intercomarcal MATEPSS Nº 39;Barcelona;Barcelona;Servicios;55958.4;13989.6;2026-10-14 23:59;['1', 'ANN'];2026/LIC/0052;https://contrataciondelestado.es/wps/poc?uri=deeplink:detalle_licitacion&idEvl=ED%2FcsyqCmqbXOjazN1Dw9Q%3D%3D;https://cirameva.com/sanidad/licitaciones/servicio-de-atenciones-ambulatorias-y-fisioterapia-en-el-mun-8da7e7/
residencia o centro de día;85320000;;L’objecte del contracte consisteix en la prestació dels Serveis Socials d’Intervenció en l’Àmbit del Sensellarisme a la ciutat de Barcelona que gestiona la Direcció de Serveis d’Atenció al Sensellarisme de l’Institut Municipal de Serveis Socials (d’ara endavant l’IMSS), per tal de donar resposta a les situacions d’exclusió social i residencial severa a la ciutat.;Institut Municipal de Serveis Socials;;;Servicios;29731537.88;7413126.36;2026-10-14 23:59;['1', 'ANN'];015_P2600054;https://contractaciopublica.cat/ca/detall-publicacio/83ba059e-c045-4757-84cf-e7bbd37bdbd1/300897956;https://cirameva.com/sanidad/licitaciones/lobjecte-del-contracte-consisteix-en-la-prestacio-dels-serve-fefbe6/
residencia o centro de día;85312000;;Programa de promoción de la autonomía personal ybienestar emocional en los Centros de Mayores adscritos a la Agencia Madrileña de Atención Social (3 Lotes);Organismo Autónomo Agencia Madrileña de Atención Social;;;Servicios;2122761.6;663363.0;2026-10-14 23:59;['12', 'MON'];A/SER-020315/2026;https://contratos-publicos.comunidad.madrid/contrato-publico/programa-promocion-autonomia-personal-bienestar-emocional-centros-mayores-1;https://cirameva.com/sanidad/licitaciones/programa-de-promocion-de-la-autonomia-personal-ybienestar-em-57be7d/
residencia o centro de día;85311000;;Gestión del centro de atención a personas mayores en situación de dependencia (residencia y centro de atención diurna) Las Vegas de Ciempozuelos (Madrid);Consejería de Familia, Juventud y Asuntos Sociales;;;Servicios;13083415.49;5947007.04;2026-10-14 23:59;['2', 'ANN'];A/SER-028805/2026;https://contratos-publicos.comunidad.madrid/contrato-publico/gestion-centro-atencion-personas-mayores-situacion-dependencia-residencia-centro-2;https://cirameva.com/sanidad/licitaciones/gestion-del-centro-de-atencion-a-personas-mayores-en-situaci-fa6f41/
residencia o centro de día;85311000;;Gestión del Centro de Atención a personas mayores en situación de dependencia con alteraciones de conducta residencia de El Berrueco;Consejería de Familia, Juventud y Asuntos Sociales;;;Servicios;16465622.45;7484373.84;2026-10-14 23:59;['24', 'MON'];A/SER-028524/2026;https://contratos-publicos.comunidad.madrid/contrato-publico/gestion-centro-atencion-personas-mayores-situacion-dependencia-alteraciones;https://cirameva.com/sanidad/licitaciones/gestion-del-centro-de-atencion-a-personas-mayores-en-situaci-da8cdd/
residencia o centro de día;85311000;;Gestión de la residencia de personas mayores afectadas por la enfermedad de Alzheimer de Getafe (Madrid);Consejería de Familia, Juventud y Asuntos Sociales;;;Servicios;10878349.15;4944704.16;2026-10-14 23:59;['2', 'ANN'];A/SER-028377/2026;https://contratos-publicos.comunidad.madrid/contrato-publico/gestion-residencia-personas-mayores-afectadas-enfermedad-alzheimer-getafe-madrid-0;https://cirameva.com/sanidad/licitaciones/gestion-de-la-residencia-de-personas-mayores-afectadas-por-l-875bea/
residencia o centro de día;85121100;;Contratación de servicios sanitarios para la residencia municipal de getxo.;Residencia Municipal de Getxo Sagrado Corazón de Jesús-Residencia Municipal de Getxo;;;Servicios;471700.0;471700.0;2026-10-14 23:59;['2', 'ANN'];RES/643;https://www.contratacion.euskadi.eus/webkpe00-kpeperfi/es/contenidos/anuncio_contratacion/expgegetxo5000643/es_doc/index.html;https://cirameva.com/sanidad/licitaciones/contratacion-de-servicios-sanitarios-para-la-residencia-muni-ec541c/
medicamentos y reactivos;33122000;;JASANFER Farmacia de Buques y Dependencias de la Armada en Ferrol (PASA) Suministro e instalación de equipos de óptica para la óptica naval del ARSENAL MILITAR DE FERROL;Intendente de Ferrol;Noroeste;Ferrol (A Coruña);Suministro;20661.16;20661.16;2026-10-15 08:30;['2', 'MON'];2026/AR42U/00002452E;https://contrataciondelestado.es/wps/poc?uri=deeplink:detalle_licitacion&idEvl=WITjUPAsI2qdkQsA7ROvsg%3D%3D;https://cirameva.com/sanidad/licitaciones/jasanfer-farmacia-de-buques-y-dependencias-de-la-armada-en-f-2f7f4c/
medicamentos y reactivos;33680000;;Contracte mixt pel subministrament de productes farmacèutics i de parafarmàcia i el servei de seguiment farmacoterapèutic amb sistemes personalitzats de dosificació de medicaments per a les residències de Montesquiu i Tordera, gestionades per SUMAR;Sumar, serveis públics d'acció social de Catalunya, MP, SL;;;Suministro;213356.69;61842.52;2026-10-15 10:00;['1', 'ANN'];143/2026;https://contractaciopublica.cat/ca/detall-publicacio/ba4e8f4a-33b7-41a6-87d2-f51e3430da2e/300894262;https://cirameva.com/sanidad/licitaciones/contracte-mixt-pel-subministrament-de-productes-farmaceutics-68dce6/
material sanitario;33141000;;Material fungible y equipamiento para realizar procesos integrales de electrofisiología;Gerencia Sector Sanitario de Zaragoza 3;Zaragoza;Zaragoza;Suministro;2947487.6;2947487.6;2026-10-15 12:00;;SAS_Z3_2027_PA_058;https://contrataciondelestado.es/wps/poc?uri=deeplink:detalle_licitacion&idEvl=W6%2FFMXJ7ZG5rhBlEHQFSKA%3D%3D;https://cirameva.com/sanidad/licitaciones/material-fungible-y-equipamiento-para-realizar-procesos-inte-b9cc78/
prevención de riesgos laborales;85100000;;Servicio de prevención de riesgos laborales y vigilancia de la salud para la Agencia Española de Protección de Datos.;Agencia Española de Protección de Datos;Madrid;Madrid;Servicios;123280.0;38800.0;2026-10-15 12:00;['12', 'MON'];EX20260069;https://contrataciondelestado.es/wps/poc?uri=deeplink:detalle_licitacion&idEvl=Pu7zcaooZoUeIBJRHQiPkQ%3D%3D;https://cirameva.com/sanidad/licitaciones/servicio-de-prevencion-de-riesgos-laborales-y-vigilancia-de-f05940/
medicamentos y reactivos;33696500;;Contrato de suministro de reactivos material fungible y pequeño equipamiento para los laboratorios de proceso de la EPE Agua de Valladolid;Consejo de Administración de la Entidad Pública Empresarial Local Agua de Valladolid;Valladolid;Valladolid;Suministro;199443.18;132962.12;2026-10-15 14:00;['2', 'ANN'];EPE 369/26;https://contrataciondelestado.es/wps/poc?uri=deeplink:detalle_licitacion&idEvl=6watqbTbiC39pbnDwlaUlg%3D%3D;https://cirameva.com/sanidad/licitaciones/contrato-de-suministro-de-reactivos-material-fungible-y-pequ-984790/
salud mental;85121200;;Servicio de asistencia sanitaria en régimen hospitalario en Neuroortopedia para el Hospital Asepeyo de Coslada.;Subdirección General Sanitaria de ASEPEYO. Mutua Colaboradora con la Seguridad Social. num. 151;Extra-Regio NUTS 3;Nacional;Servicios;151296.0;47280.0;2026-10-15 14:00;['12', 'MON'];SP00036/2026;https://contrataciondelestado.es/wps/poc?uri=deeplink:detalle_licitacion&idEvl=8LHRFtj4ZzOopEMYCmrbmw%3D%3D;https://cirameva.com/sanidad/licitaciones/servicio-de-asistencia-sanitaria-en-regimen-hospitalario-en-fdbb88/
material sanitario;33140000;;Sistemas de alto flujo nasal y de humidificación junto con la cesión y el mantenimiento del equipamiento necesario para su uso con destino al Hospital Universitario Central de Asturias y al Hospital Monte Naranco;Gerencia del Área Sanitaria IV del Servicio de Salud del Principado de Asturias;Asturias;OVIEDO;Suministro;2619246.0;1403167.5;2026-10-15 14:00;['36', 'MON'];2026000348;https://contrataciondelestado.es/wps/poc?uri=deeplink:detalle_licitacion&idEvl=8fWf7PVKjKA36J9Lctlsuw%3D%3D;https://cirameva.com/sanidad/licitaciones/sistemas-de-alto-flujo-nasal-y-de-humidificacion-junto-con-l-64b2de/
material sanitario;33169000;;Subministrament d'instrumental quirúrgic pel Consorci Sanitari Integral;Consorci Sanitari Integral;;;Suministro;106056.98;106056.98;2026-10-15 14:00;['3', 'MON'];CSI-2026-92;https://contractaciopublica.cat/ca/detall-publicacio/2a8a9470-ac49-4926-b620-7fa2001a612b/300898636;https://cirameva.com/sanidad/licitaciones/subministrament-d-instrumental-quirurgic-pel-consorci-sanita-8d0a90/
medicamentos y reactivos;33692800;;CS/CC00/1101480446/27/AM: acuerdo marco para el suministro agregado de terapias continuas de depuración extra-renal para centros del Instituto Catalán de la Salud;ICS - Gerència de compres;;;Suministro;8154636.84;3883160.4;2026-10-15 14:00;['2', 'ANN'];ICSCC00-2027-5;https://contractaciopublica.cat/ca/detall-publicacio/ac3794ad-d430-4989-9e50-97612f46efc0/300896291;https://cirameva.com/sanidad/licitaciones/cs-cc00-1101480446-27-am-acuerdo-marco-para-el-suministro-ag-637a38/
servicio social;85310000;;Servei de gestió del Magatzem d’Aliments Solidaris de l’Ajuntament de Tàrrega (MAS), d’acord amb les prescripcions establertes en el Plec de Prescripcions Tècniques Particulars.;Ajuntament de Tàrrega;;;Servicios;180603.12;150502.6;2026-10-15 14:00;['4', 'ANN'];001/2026/7724/I264;https://contractaciopublica.cat/ca/detall-publicacio/71fc184c-41bc-4017-a4d8-e043242a300c/300892249;https://cirameva.com/sanidad/licitaciones/servei-de-gestio-del-magatzem-daliments-solidaris-de-lajunta-4fdf9e/
asistencia sanitaria;85143000;;Aquest contracte té per objecte la contractació del servei sanitari d’ambulàncies pels actes municipals i de col·laboració amb entitats municipals que es realitzen a Sant Fost de Campsentelles.;Ajuntament de Sant Fost de Campsentelles;;;Servicios;75200.0;23500.0;2026-10-15 14:00;['1', 'ANN'];3186/2026;https://contractaciopublica.cat/ca/detall-publicacio/f6d0d410-f266-413d-aee7-7b8d9f6b83cf/300895495;https://cirameva.com/sanidad/licitaciones/aquest-contracte-te-per-objecte-la-contractacio-del-servei-s-87e164/
asistencia sanitaria;85143000;;S’identifiquen en el Plec de Prescripcions Tècniques les característiques del servei preventiu d'ambulàncies objecte de la present contractació, destinat a donar cobertura d'assistència sanitària preventiva en les possibles incidències que es puguin produir en el desenvolupament de proves d’aptitud física de personal aspirant a proves d’accés dels diferents departaments de la Generalitat, òrgans locals, institucions i competicions esportives que es realitzin dins les instal·lacions del Centre així com d’altres esdeveniments que tinguin lloc al CAR pels quals es consideri necessari que requereixen d’aquest servei. Els serveis inclouran necessàriament la permanència dels serveis sanitaris preventius durant tot l'esdeveniment pel qual se l'ha contractat, i si procedeix, les possibles intervencions del personal sanitari, així com els possibles trasllats al centre sanitari corresponent.;Centre d'Alt Rendiment Esportiu (CAR);;;Servicios;59520.0;49600.0;2026-10-15 14:00;;2026/10;https://contractaciopublica.cat/ca/detall-publicacio/45e08f0d-ec38-4e52-ae43-f315be24cb52/300895086;https://cirameva.com/sanidad/licitaciones/sidentifiquen-en-el-plec-de-prescripcions-tecniques-les-cara-5541fb/
material sanitario;33192000;;Subministrament de mampares plegables per a la unitat de rehabilitació de l'IAS (Institut d'assistència Sanitària);Institut d'Assistència Sanitària (IAS);;;Suministro;67792.02;56493.35;2026-10-15 14:00;['75', 'DAY'];CONTR/2026/000000129;https://contractaciopublica.cat/ca/detall-publicacio/1c51bbe2-ce8e-48d8-a4d2-c32b9452e2cd/300891005;https://cirameva.com/sanidad/licitaciones/subministrament-de-mampares-plegables-per-a-la-unitat-de-reh-571f2e/
servicio social;85323000;;Prestació de serveis per l’escalat de la intervenció ArtGran a 20 barris de la ciutat de Barcelona en el període 2027-2030;Agència de Salut Pública de Barcelona;;;Servicios;150120.6;75060.3;2026-10-15 15:00;;014_26000026;https://contractaciopublica.cat/ca/detall-publicacio/0735ddfb-4f38-4979-b72d-88f14b971e88/300894250;https://cirameva.com/sanidad/licitaciones/prestacio-de-serveis-per-lescalat-de-la-intervencio-artgran-3e0dcf/
ayuda a domicilio;85320000;;Servicios de ayuda a domicilio para personas dependientes, servicio de ayuda a domicilio municipal y respiro familiar del Ayuntamiento de Lorquí;Alcaldía del Ayuntamiento de Lorqui;Murcia;Lorqui;Servicios;696937.5;232312.5;2026-10-15 23:55;['6', 'MON'];20/2026;https://contrataciondelestado.es/wps/poc?uri=deeplink:detalle_licitacion&idEvl=LoV3RjAbqGtt5r0ngvMetA%3D%3D;https://cirameva.com/sanidad/licitaciones/servicios-de-ayuda-a-domicilio-para-personas-dependientes-se-4b5edf/
material sanitario;33140000;;Suministro de apósitos, material de curas, antisepsia y desinfección para Mutua Balear;Dirección Gerencia de Mutua Balear, Mutua de Accidentes de Trabajo y Enfermedades Profesionales de la Seguridad Social Nº 183;Mallorca;Palma;Suministro;528910.6;105782.12;2026-10-15 23:59;['1', 'ANN'];2026-SUS-069;https://contrataciondelestado.es/wps/poc?uri=deeplink:detalle_licitacion&idEvl=tGWqm11yr3ES7pcxhTeWOg%3D%3D;https://cirameva.com/sanidad/licitaciones/suministro-de-apositos-material-de-curas-antisepsia-y-desinf-0b449b/
material sanitario;33945000;;Suministro, instalacion y puesta en marcha de dos camaras frigorificas mortuorias para el Servicio de Anatomia Patologica delComplejo Hospitalario Universitario de Canarias CHUC.;Dirección Gerencia del Complejo Hospitalario Universitario de Canarias;Canarias;La Laguna;Suministro;34000.0;34000.0;2026-10-15 23:59;['2', 'MON'];SUM/2026/0000141237;https://contrataciondelestado.es/wps/poc?uri=deeplink:detalle_licitacion&idEvl=bHIV%2FCmqWb3s%2BnLj3vAg5A%3D%3D;https://cirameva.com/sanidad/licitaciones/suministro-instalacion-y-puesta-en-marcha-de-dos-camaras-fri-5dd0b3/
atención a menores;85311300;;Servicio de Gestión Integral de las Ludotecas Municipales y Atención a la Conciliación Familiar y Corresponsabilidad en el Municipio de Albox 2026-2027;Alcaldía del Ayuntamiento de Albox;Almería;Albox;Servicios;132873.27;120793.89;2026-10-15 23:59;;34/2026-G2065;https://contrataciondelestado.es/wps/poc?uri=deeplink:detalle_licitacion&idEvl=vM1Fad8Phoizz8fXU2i3eQ%3D%3D;https://cirameva.com/sanidad/licitaciones/servicio-de-gestion-integral-de-las-ludotecas-municipales-y-4189d7/
fisioterapia y rehabilitación;85100000;;Servicio de Fisioterapia en el ámbito territorial de Orihuela (Alicante) y área de influencia;Dirección General de la Mutual Midat Cyclops, Mutua Colaboradora con la Seguridad Social, nº 1;Alicante/Alacant;Orihuela;Servicios;48840.0;22200.0;2026-10-15 23:59;['2', 'ANN'];N202600544;https://contrataciondelestado.es/wps/poc?uri=deeplink:detalle_licitacion&idEvl=8mvEuH6hMxSExvMJXBMHHQ%3D%3D;https://cirameva.com/sanidad/licitaciones/servicio-de-fisioterapia-en-el-ambito-territorial-de-orihuel-625342/
ayuda a domicilio;85300000;;Servicio de Teleasistencia Domiciliaria;Junta de Gobierno Local del Ayuntamiento de Las Torres de Cotillas;Región de Murcia;Las Torres de Cotillas;Servicios;91732.76;22933.19;2026-10-15 23:59;['1', 'ANN'];10833/2025;https://contrataciondelestado.es/wps/poc?uri=deeplink:detalle_licitacion&idEvl=sj%2FDlApKK4JJ8Trn0ZPzLw%3D%3D;https://cirameva.com/sanidad/licitaciones/servicio-de-teleasistencia-domiciliaria-ab52de/
material sanitario;33140000;;"Suministro de material médico, sanitario y de simulación necesario para la realización del ""Curso de formación del personal de apoyo avanzado a la atención sanitaria en operaciones, nivel avanzado (NC3)";Subdirección General de Servicios Económicos y Pagadurías;Madrid;Madrid;Suministro;41350.46;41350.46;2026-10-15 23:59;['28', 'DAY'];2026/SP01010020/00000827E;https://contrataciondelestado.es/wps/poc?uri=deeplink:detalle_licitacion&idEvl=PSR5IxwQo8nN3k3tjedSGw%3D%3D;https://cirameva.com/sanidad/licitaciones/suministro-de-material-medico-sanitario-y-de-simulacion-nece-c439a6/
prevención de riesgos laborales;85140000;;Actividades propias de los servicios de prevención ajeno en las especialidades preventivas de seguridad en el trabajo, higiene industrial, ergonomía, psicología aplicada y vigilancia de la salud - medicina del trabajo para el personal al servicio del Ayuntamiento de Llanes;Alcaldía del Ayuntamiento de Llanes;Asturias;Llanes;Servicios;56547.88;28273.94;2026-10-15 23:59;['2', 'ANN'];CON/2026/111;https://contrataciondelestado.es/wps/poc?uri=deeplink:detalle_licitacion&idEvl=N5QiBFchi1o36J9Lctlsuw%3D%3D;https://cirameva.com/sanidad/licitaciones/actividades-propias-de-los-servicios-de-prevencion-ajeno-en-f0e9cb/
medicamentos y reactivos;33696000;;Contrato de suministro de reactivos para realizar 120 librerías HIC para desarrollo de Proyecto de Investigación.;Director Gerente de FISEVI;Sevilla;Sevilla;Suministro;50000.0;50000.0;2026-10-15 23:59;;40/2026;https://contrataciondelestado.es/wps/poc?uri=deeplink:detalle_licitacion&idEvl=krD7AoE7g%2FryoM4us5k4vw%3D%3D;https://cirameva.com/sanidad/licitaciones/contrato-de-suministro-de-reactivos-para-realizar-120-librer-8fb89b/
prevención de riesgos laborales;85140000;;Servicio de prevención ajeno en la especialidad preventiva de medicina del trabajo para el Ayuntamiento de Huesca;Alcaldía del Ayuntamiento de Huesca;Huesca;Huesca;Servicios;179042.17;80312.04;2026-10-15 23:59;['2', 'ANN'];2977/2026 ABI SERV;https://contrataciondelestado.es/wps/poc?uri=deeplink:detalle_licitacion&idEvl=BrWCyKgxkwSFlFRHfEzEaw%3D%3D;https://cirameva.com/sanidad/licitaciones/servicio-de-prevencion-ajeno-en-la-especialidad-preventiva-d-435772/
medicamentos y reactivos;33632100;;Dexketoprofeno 50 mg, solución inyectable y para perfusión, en ampolla;Gerencia de Atención Primaria del Área de Salud de Gran Canaria;Canarias;Telde;Suministro;36000.0;36000.0;2026-10-15 23:59;['12', 'MON'];SUM/2026/0000138641;https://contrataciondelestado.es/wps/poc?uri=deeplink:detalle_licitacion&idEvl=Z5WjkxEhAr1eKgd8LfVV9g%3D%3D;https://cirameva.com/sanidad/licitaciones/dexketoprofeno-50-mg-solucion-inyectable-y-para-perfusion-en-9a4227/
equipamiento médico;33182100;;Suministro, instalación y mantenimiento en régimen de arrendamiento sin opción a compra de 9 desfibriladores externos semiautomáticos en diversas dependencias municipales;Junta de Gobierno del Ayuntamiento de Sedaví;Valencia/València;Sedaví;Suministro;23000.0;23000.0;2026-10-15 23:59;['4', 'ANN'];2026/23;https://contrataciondelestado.es/wps/poc?uri=deeplink:detalle_licitacion&idEvl=qBxdW%2BN9bGBSYrkJkLlFdw%3D%3D;https://cirameva.com/sanidad/licitaciones/suministro-instalacion-y-mantenimiento-en-regimen-de-arrenda-a9cefc/
medicamentos y reactivos;33696200;;Reactivos y equipos para determinaciones de hematimetría;Fundación de Hemoterapia y Hemodonación de Castilla y León;Valladolid;Valladolid;Suministro;91080.0;25300.0;2026-10-15 23:59;;PA-S01-2027;https://contrataciondelestado.es/wps/poc?uri=deeplink:detalle_licitacion&idEvl=XPkJvPfC9fzpxJFXpLZ%2B2A%3D%3D;https://cirameva.com/sanidad/licitaciones/reactivos-y-equipos-para-determinaciones-de-hematimetria-899c6a/
prótesis e implantes;33141700;;Suministro de material de ortesis y ortopedia en el ámbito territorial de la provincia de Castellón.;Dirección General de la Mutual Midat Cyclops, Mutua Colaboradora con la Seguridad Social, nº 1;Castellón/Castelló;Castelló de la Plana;Suministro;59980.8;27264.0;2026-10-15 23:59;['2', 'ANN'];N202600545;https://contrataciondelestado.es/wps/poc?uri=deeplink:detalle_licitacion&idEvl=vjyd6keS5ECzz8fXU2i3eQ%3D%3D;https://cirameva.com/sanidad/licitaciones/suministro-de-material-de-ortesis-y-ortopedia-en-el-ambito-t-6babba/
diagnóstico por imagen;85100000;;Servicio de Pruebas Diagnósticas Complementarias de Resonancia Magnética Nuclear en el ámbito territorial de Badajoz y área de influencia;Dirección General de la Mutual Midat Cyclops, Mutua Colaboradora con la Seguridad Social, nº 1;Badajoz;Badajoz;Servicios;125730.0;57150.0;2026-10-15 23:59;['2', 'ANN'];N202600541;https://contrataciondelestado.es/wps/poc?uri=deeplink:detalle_licitacion&idEvl=hnvyFbkUCFedkQsA7ROvsg%3D%3D;https://cirameva.com/sanidad/licitaciones/servicio-de-pruebas-diagnosticas-complementarias-de-resonanc-5670f9/
material sanitario;33141110;;AM PA SUM 28/2026 A/SUM-031802/2026 Suministro de 6 lotes de productos sanitarios para la prevención y el tratamiento de heridas crónicas para todos los centros del SERMAS;Agencia de Contratación Sanitaria de la Comunidad de Madrid;;;Suministro;;1481711.51;2026-10-15 23:59;['12', 'MON'];AM PA SUM 28/2026 A/SUM-031802/2026;https://contratos-publicos.comunidad.madrid/contrato-publico/am-pa-sum-282026-asum-0318022026-suministro-6-lotes-productos-sanitarios;https://cirameva.com/sanidad/licitaciones/am-pa-sum-28-2026-a-sum-031802-2026-suministro-de-6-lotes-de-958c41/
material sanitario;33100000;;Suministro de aparataje universidades con destino a los centros dependientes de la Gerencia Asistencial de Atención Primaria del SERMAS;Gerencia Asistencial de Atención Primaria;;;Suministro;139917.76;139917.76;2026-10-15 23:59;['2', 'MON'];A/SUM-027408/2026;https://contratos-publicos.comunidad.madrid/contrato-publico/suministro-aparataje-universidades-destino-centros-dependientes-gerencia;https://cirameva.com/sanidad/licitaciones/suministro-de-aparataje-universidades-con-destino-a-los-cent-569805/
atención a menores;85312000;;Servicio de prevención y orientación a menores de edad y sus familias expuestos a situaciones de pornografía y otras situaciones de violencia (excluida la sexual);Consejería de Familia, Juventud y Asuntos Sociales;;;Servicios;2280080.05;844474.11;2026-10-15 23:59;['24', 'MON'];A/SER-032056/2026;https://contratos-publicos.comunidad.madrid/contrato-publico/servicio-prevencion-orientacion-menores-edad-familias-expuestos-situaciones;https://cirameva.com/sanidad/licitaciones/servicio-de-prevencion-y-orientacion-a-menores-de-edad-y-sus-628840/
material sanitario;33100000;;Suministro, Instalación y Puesta en Marcha de Seis Mesas Quirúrgicas Convencionales para el Hospital Universitario de Getafe;Hospital Universitario de Getafe;;;Suministro;258000.0;258000.0;2026-10-15 23:59;['1', 'MON'];A-SUM-037460-2026;https://contratos-publicos.comunidad.madrid/contrato-publico/suministro-instalacion-puesta-marcha-seis-mesas-quirurgicas-convencionales;https://cirameva.com/sanidad/licitaciones/suministro-instalacion-y-puesta-en-marcha-de-seis-mesas-quir-8328b2/
residencia o centro de día;85311000;;Gestión de un centro residencial para mujeres jóvenes víctimas de violencia y en riesgo de exclusión social de la Comunidad de Madrid (Centro nº 1);Consejería de Familia, Juventud y Asuntos Sociales;;;Servicios;1877568.0;853440.0;2026-10-15 23:59;['24', 'MON'];A/SER-030914/2026;https://contratos-publicos.comunidad.madrid/contrato-publico/gestion-centro-residencial-mujeres-jovenes-victimas-violencia-riesgo-exclusion-3;https://cirameva.com/sanidad/licitaciones/gestion-de-un-centro-residencial-para-mujeres-jovenes-victim-2daafd/
residencia o centro de día;85311000;;Gestión del Centro de Atención a Personas Mayores en Situación de Dependencia (Residencia y Centro de atención diurna) Mirasierra de Madrid;Consejería de Familia, Juventud y Asuntos Sociales;;;Servicios;29403759.26;13365345.12;2026-10-15 23:59;['2', 'ANN'];A/SER-028167/2026;https://contratos-publicos.comunidad.madrid/contrato-publico/gestion-centro-atencion-personas-mayores-situacion-dependencia-residencia-centro-1;https://cirameva.com/sanidad/licitaciones/gestion-del-centro-de-atencion-a-personas-mayores-en-situaci-73951f/
servicio veterinario;85150000;;L’objecte del contracte és el servei de recollida, acollida, custòdia i assistència dels animals de companyia (gossos, gats i fures) abandonats, perduts, comissats o ensalvatgits i el control de les colònies de gats ferals,dividit en dos lots: • LOT 1. Servei de recollida, acollida, custòdia i assistència dels animals de companyia (gossos, gats i fures) abandonats, perduts, comissats o ensalvatgits al terme municipal de Mataró, i el control de les colònies de gats ferals. • LOT 2 Serveis d’atenció veterinària hospitalària i diagnòstica per als animals del Centre de Protecció Animal i per a les colònies felines urbanes (CPAC);Ajuntament de Mataró;;;Servicios;1801740.6;818973.0;2026-10-15 23:59;['2', 'ANN'];2026/000034375;https://contractaciopublica.cat/ca/detall-publicacio/7be4e371-afab-42b4-93c2-81ef42baac3e/300884181;https://cirameva.com/sanidad/licitaciones/lobjecte-del-contracte-es-el-servei-de-recollida-acollida-cu-c4157c/
residencia o centro de día;85311000;;Gestión del Centro de Atención a Personas Mayores en situación de dependencia (Residencia y Centro de atención diurna) Isabel La Católica de Madrid;Consejería de Familia, Juventud y Asuntos Sociales;;;Servicios;26038812.62;11835823.92;2026-10-15 23:59;['2', 'ANN'];A/SER-028457/2026;https://contratos-publicos.comunidad.madrid/contrato-publico/gestion-centro-atencion-personas-mayores-situacion-dependencia-residencia-centro-0;https://cirameva.com/sanidad/licitaciones/gestion-del-centro-de-atencion-a-personas-mayores-en-situaci-7f0118/
equipamiento médico;33115100;;Suministro, instalación y puesta en marcha de dos equipos de Resonancia Magnética (RM) de 1,5 Teslas y de dos equipos de Tomografía Computarizada (TAC), con destino al CAP Maresme (Mataró) y al Antiguo CAP Lepant (Sabadell), en el ámbito asistencial de Metropolitana Nord.;Institut de Diagnòstic per la Imatge (IDI);;;Suministro;4185600.0;3488000.0;2026-10-16 10:00;['4', 'MON'];2026-04-POH-SB;https://contractaciopublica.cat/ca/detall-publicacio/23e56198-6694-423e-9b52-8c92f900720c/300889517;https://cirameva.com/sanidad/licitaciones/suministro-instalacion-y-puesta-en-marcha-de-dos-equipos-de-c8ce6b/
prevención de riesgos laborales;85100000;;Servicio de prevención ajeno de riesgos laborales, en las especialidades de vigilancia de la salud, seguridad en el trabajo, higiene industrial y ergonomía y psicosociología aplicada, para Servicios de Txingudi-Txingudiko Zerbitzuak, S.A.;TXINZER-Directora-Gerente;;;Servicios;110000.0;44000.0;2026-10-16 11:00;['2', 'ANN'];2026SERV012;https://www.contratacion.euskadi.eus/webkpe00-kpeperfi/es/contenidos/anuncio_contratacion/expjaso744063/es_doc/index.html;https://cirameva.com/sanidad/licitaciones/servicio-de-prevencion-ajeno-de-riesgos-laborales-en-las-esp-03c253/
asistencia sanitaria;85100000;;Servicio de atención médica primaria a los internos del Centro Penitenciario de Albacete;Dirección del Centro Penitenciario de Albacete;Albacete;ALBACETE;Servicios;48000.0;48000.0;2026-10-16 11:26;;040020260008;https://contrataciondelestado.es/wps/poc?uri=deeplink:detalle_licitacion&idEvl=z%2BmV%2BxH6Jqfmnwcj%2BxbdTg%3D%3D;https://cirameva.com/sanidad/licitaciones/servicio-de-atencion-medica-primaria-a-los-internos-del-cent-8291e8/
material sanitario;33140000;;Suministro de sistemas de terapia de presión negativa para el Hospital Egarsat y otros centros de Egarsat Mutua Colaboradora con la Seguridad Social N.º 276;Gerencia de EGARSAT;Barcelona;Sant Cugat del Vallès;Suministro;126754.56;39610.8;2026-10-16 13:00;['12', 'MON'];2026/LIC/0069;https://contrataciondelestado.es/wps/poc?uri=deeplink:detalle_licitacion&idEvl=Ar4hJJ0IwVizz8fXU2i3eQ%3D%3D;https://cirameva.com/sanidad/licitaciones/suministro-de-sistemas-de-terapia-de-presion-negativa-para-e-72e59e/
equipamiento médico;33123200;;Suministro de cinco electrocardiógrafos para el servicio de Urgencias;Servicio de Salud de las Illes Balears;Illes Balears;Inca;Suministro;20301.5;20301.5;2026-10-16 14:00;['45', 'DAY'];ICASU 2026/36772;https://contrataciondelestado.es/wps/poc?uri=deeplink:detalle_licitacion&idEvl=TaUYRvrzuQHCfVQHDepjGQ%3D%3D;https://cirameva.com/sanidad/licitaciones/suministro-de-cinco-electrocardiografos-para-el-servicio-de-82bc08/
salud mental;85121270;;Servicio de atención médica especializada en Psiquiatría para los internos del Centro Penitenciario de Tenerife;Dirección del Centro Penitenciario de Tenerife;Canarias;El Rosario - Tenerife;Servicios;36000.0;36000.0;2026-10-16 14:00;['2', 'ANN'];2026GnT00005;https://contrataciondelestado.es/wps/poc?uri=deeplink:detalle_licitacion&idEvl=cRpazzstw0n%2Fa9DgO%2BoYKQ%3D%3D;https://cirameva.com/sanidad/licitaciones/servicio-de-atencion-medica-especializada-en-psiquiatria-par-bd7f64/
material sanitario;33140000;;Suministro de electrodos de rehabilitación para Hospital Intermutual de Euskadi.;Hospital Intermutual de Euskadi, Centro Mancomunado de Mutuas de Accidentes de Trabajo y Enfermadades Profesionales de la Seguridad Social;Bizkaia;BILBAO;Suministro;21050.88;10525.44;2026-10-16 14:00;['2', 'ANN'];CP23/26;https://contrataciondelestado.es/wps/poc?uri=deeplink:detalle_licitacion&idEvl=QAz2qK4agEg7u6%2B%2FR7DUoA%3D%3D;https://cirameva.com/sanidad/licitaciones/suministro-de-electrodos-de-rehabilitacion-para-hospital-int-98122e/
fisioterapia y rehabilitación;85120000;;Servicios de asistencia ambulatoria, fisioterapia, especialistas y pruebas diagnósticas en centro ambulatorio a la población protegida de umivale Activa, MCSS nº 3 en la localidad de Puerto de la Cruz (Santa Cruz de Tenerife);Gerencia umivale Activa, Mutua Colaboradora con la Seguridad Social número 3;;Madrid;Servicios;214342.24;114826.2;2026-10-16 14:00;['36', 'MON'];SER-26-0310-OSA;https://contrataciondelestado.es/wps/poc?uri=deeplink:detalle_licitacion&idEvl=0vX7hPifFsOFQ%2FlhRK79lA%3D%3D;https://cirameva.com/sanidad/licitaciones/servicios-de-asistencia-ambulatoria-fisioterapia-especialist-05971b/
fisioterapia y rehabilitación;85100000;;Asistencia sanitaria ambulatoria y fisioterapia en Villena (Alicante);Subdirección General Sanitaria de ASEPEYO. Mutua Colaboradora con la Seguridad Social. num. 151;Extra-Regio NUTS 3;Nacional;Servicios;81120.0;15600.0;2026-10-16 14:00;['12', 'MON'];SP00094/2026;https://contrataciondelestado.es/wps/poc?uri=deeplink:detalle_licitacion&idEvl=QUG%2BRb378Wns%2BnLj3vAg5A%3D%3D;https://cirameva.com/sanidad/licitaciones/asistencia-sanitaria-ambulatoria-y-fisioterapia-en-villena-a-b77052/
laboratorio clínico;85100000;;Contratación del servicio de Análisis Clínicos en el ámbito territorial de las Comunidades Autónomas de Galicia, Comunidad Valenciana, Aragón, Castilla La Mancha, Asturias y las Islas Canarias para FREMAP, Mutua Colaboradora con la Seguridad Social nº 61;Director Gerente de FREMAP;ESPAÑA;ESPAÑA;Servicios;183730.8;98427.21;2026-10-16 14:00;['36', 'MON'];LICT/99/139/2025/0238;https://contrataciondelestado.es/wps/poc?uri=deeplink:detalle_licitacion&idEvl=LoV3RjAbqGuFlFRHfEzEaw%3D%3D;https://cirameva.com/sanidad/licitaciones/contratacion-del-servicio-de-analisis-clinicos-en-el-ambito-65879a/
asistencia sanitaria;85121100;;Servicio para la realización de diversos reconocimientos médicos (generales, oftalmológicos y otorrinolaringológicos) a los empleados públicos adscritos a la Dirección Provincial del INSS de Girona, que voluntariamente se inscriban a esta campaña.;INSS-Dirección provincial de Girona;Girona;Girona;Servicios;51000.0;51000.0;2026-10-16 14:00;['12', 'MON'];17/VC-234/26;https://contrataciondelestado.es/wps/poc?uri=deeplink:detalle_licitacion&idEvl=7pwRilv886rXOjazN1Dw9Q%3D%3D;https://cirameva.com/sanidad/licitaciones/servicio-para-la-realizacion-de-diversos-reconocimientos-med-617f3a/
salud mental;85121200;;Contratación del servicio de la especialidad de oftalmología en la ciudad de Tarragona;Mutua Universal Mugenat, Mutua Colaboradora con la Seguridad Social nº 10;Tarragona;Barcelona;Servicios;54242.23;24655.56;2026-10-16 14:00;['12', 'MON'];029-2026-0272;https://contrataciondelestado.es/wps/poc?uri=deeplink:detalle_licitacion&idEvl=dVwW%2B6Y%2BSHWHCIsjvJ3rhQ%3D%3D;https://cirameva.com/sanidad/licitaciones/contratacion-del-servicio-de-la-especialidad-de-oftalmologia-df1d94/
material sanitario;33192120;;Subministrament i instal·lació de llits elèctrics per a l'Hospital Sant Jaume de Manlleu del Consorci Hospitalari de Vic (CHV);Consorci Hospitalari de Vic;;;Suministro;48000.0;48000.0;2026-10-16 14:00;['2', 'MON'];C6103-01-2026-039;https://contractaciopublica.cat/ca/detall-publicacio/dfb17629-1082-4b57-bcc3-8299bbec0250/300897159;https://cirameva.com/sanidad/licitaciones/subministrament-i-installacio-de-llits-electrics-per-a-l-hos-109a74/
material sanitario;33100000;;Suministro de 3 Uds. Ventiladores no invasivos para el servicio de urgencias del hospital Alfredo Espinosa de UrdulizOSI Uribe;OSAKIDETZA - Servicio Vasco de Salud -Director Gerente;;;Suministro;40500.0;40500.0;2026-10-16 14:00;;2026/01771;https://www.contratacion.euskadi.eus/webkpe00-kpeperfi/es/contenidos/anuncio_contratacion/exposakisap2026001771/es_doc/index.html;https://cirameva.com/sanidad/licitaciones/suministro-de-3-uds-ventiladores-no-invasivos-para-el-servic-f98ff8/
equipamiento médico;33100000;;Suministro de un ecógrafo para el servicio de anestesia del Hospital Alfredo Espinosa de Urduliz, OSI Uribe;OSAKIDETZA - Servicio Vasco de Salud -Director Gerente;;;Suministro;45000.0;45000.0;2026-10-16 14:00;;2026/01669;https://www.contratacion.euskadi.eus/webkpe00-kpeperfi/es/contenidos/anuncio_contratacion/exposakisap2026001669/es_doc/index.html;https://cirameva.com/sanidad/licitaciones/suministro-de-un-ecografo-para-el-servicio-de-anestesia-del-289560/
ayuda a domicilio;85300000;;Teleasistencia Domiciliaria;Presidencia de la Mancomunidad MISECAM;Madrid;Villarejo de Salvanés;Servicios;70586.61;26005.59;2026-10-16 15:00;;1574/2026;https://contrataciondelestado.es/wps/poc?uri=deeplink:detalle_licitacion&idEvl=tcV4p4Mt0HLgL1BHd3qjQA%3D%3D;https://cirameva.com/sanidad/licitaciones/teleasistencia-domiciliaria-95e0ce/
residencia o centro de día;85311200;;Servei d'ocupació de 19 places d'acolliment residencial a la ciutat de Barcelona per a infants i/o adolescents amb discapacitat psíquica, física i/o plurisensorial dependents de la Direcció General de Prevenció i Protecció a la Infància i Adolescència.;Consorci de Serveis Socials de Barcelona;;;Servicios;2527798.0;1262170.0;2026-10-16 15:00;;CSSB-2027-4;https://contractaciopublica.cat/ca/detall-publicacio/d538d235-f7d7-4854-8ac9-bcd7a87c1e70/300895526;https://cirameva.com/sanidad/licitaciones/servei-d-ocupacio-de-19-places-d-acolliment-residencial-a-la-c847ef/
medicamentos y reactivos;33696500;;contratación del suministro de reactivos para la determinacion de biomarcadores específicos en sangre y líquido cefalorraquídeo para la detección precoz de enfermedad de alzheimer en casos clínicos definidos para la fundacion pública andaluza progreso y salud m.p.;Fundación Pública Andaluza Progreso y Salud;;;Suministro;81645.74;81645.74;2026-10-16 15:00;['2', 'MON'];1041_2026;https://www.juntadeandalucia.es/haciendayadministracionpublica/apl/pdc_sirec/perfiles-licitaciones/detalle-licitacion.jsf?idExpediente=1013398;https://cirameva.com/sanidad/licitaciones/contratacion-del-suministro-de-reactivos-para-la-determinaci-2e5082/
medicamentos y reactivos;33696000;;Suministro de reactivos y sistemas para la determinación en muestras humanas de líquido cefalorraquídeo y plasma de marcadores de la enfermedad de Alzheimer beta amiloide 1-42, beta amiloide 1.40, Tau total y Tau fosforilados para el sistema automatizado Lumipulse G600II y G1200II de Fujirebio;Gerencia del Centro de Investigación Biomédica en Red (CIBER);Madrid;Madrid;Suministro;49328.76;49326.76;2026-10-16 23:59;['12', 'MON'];2026/PASS/012;https://contrataciondelestado.es/wps/poc?uri=deeplink:detalle_licitacion&idEvl=kFcP9aPrXEOopEMYCmrbmw%3D%3D;https://cirameva.com/sanidad/licitaciones/suministro-de-reactivos-y-sistemas-para-la-determinacion-en-2fce72/
servicio social;85312000;;Prestación de servicios de atención domiciliaria a personas que cumplan los requisitos establecidos en la ordenanza vigente reguladora del servicio en la Mancomunidad;Junta de la Mancomunidad de Servicios Sociales Sierra Oeste;Madrid;San Lorenzo del Escorial (Madrid);Servicios;337084.8;324120.0;2026-10-16 23:59;['2', 'ANN'];CPS2026-02;https://contrataciondelestado.es/wps/poc?uri=deeplink:detalle_licitacion&idEvl=HKyRTE4Lt%2FcZDGvgaZEVxQ%3D%3D;https://cirameva.com/sanidad/licitaciones/prestacion-de-servicios-de-atencion-domiciliaria-a-personas-f26c22/
laboratorio clínico;85145000;;Contratación de la prestación del servicio de análisis de las muestras de orina procedentes de los controles que ordena la A.E. CELAD dentro del plan de distribución de controles, debido a la suspensión temporal de actividad del laboratorio de control del dopaje del ISCIII, mediante procedimiento abierto simplificado abreviado (art.159.6 LCSP) Noviembre 2026;Dirección de la Agencia Estatal Comisión Española para la Lucha Antidopaje en el Deporte (CELAD);Madrid;Madrid;Servicios;59975.0;59975.0;2026-10-16 23:59;['0', 'ANN'];202600000055;https://contrataciondelestado.es/wps/poc?uri=deeplink:detalle_licitacion&idEvl=8%2FCnMmbfCEDyoM4us5k4vw%3D%3D;https://cirameva.com/sanidad/licitaciones/contratacion-de-la-prestacion-del-servicio-de-analisis-de-la-5e54ad/
productos de higiene y cuidado;33761000;;El objeto del presente contrato es la adquisición de papel higiénico de fibra vegetal de dos capas, para las dependencias de la Jefatura Superior de Policía de Andalucía Occidental con sede en Sevilla, al objeto de cubrir las necesidades de este suministro durante 12 meses, prorrogables por un máximo de otros doce meses.;Jefatura Superior de Policía de Andalucía Occidental;Sevilla;Sevilla;Suministro;21912.0;10956.0;2026-10-16 23:59;['12', 'MON'];Z26PRSU00141;https://contrataciondelestado.es/wps/poc?uri=deeplink:detalle_licitacion&idEvl=HbtJhFawBdUS7pcxhTeWOg%3D%3D;https://cirameva.com/sanidad/licitaciones/el-objeto-del-presente-contrato-es-la-adquisicion-de-papel-h-24eb4a/
prevención de riesgos laborales;85147000;;Servicio de vigilancia de la salud para el personal de la Universidad de Huelva;Rectorado de la Universidad de Huelva;Huelva;Huelva;Servicios;149932.92;149932.92;2026-10-16 23:59;['3', 'ANN'];SE-35-26;https://contrataciondelestado.es/wps/poc?uri=deeplink:detalle_licitacion&idEvl=SJlqWdfkxdWLAncw3qdZkA%3D%3D;https://cirameva.com/sanidad/licitaciones/servicio-de-vigilancia-de-la-salud-para-el-personal-de-la-un-96acbe/
laboratorio clínico;85145000;;Contratación del servicio de asistencia técnica para la valoración de los datos correspondientes a pasaportes biológicos de deportistas en sus módulos hematológico y endocrino, mediante procedimiento abierto simplificado abreviado (art.159.6 LCSP);Dirección de la Agencia Estatal Comisión Española para la Lucha Antidopaje en el Deporte (CELAD);Madrid;Madrid;Servicios;59670.0;59670.0;2026-10-16 23:59;['24', 'MON'];202600000054;https://contrataciondelestado.es/wps/poc?uri=deeplink:detalle_licitacion&idEvl=DQinMGAWCkyP66GS%2BONYvQ%3D%3D;https://cirameva.com/sanidad/licitaciones/contratacion-del-servicio-de-asistencia-tecnica-para-la-valo-d08e74/
material sanitario;33192000;;Suministro de mobiliario, aparatos sanitarios y RHB para Mutua Balear.;Dirección Gerencia de Mutua Balear, Mutua de Accidentes de Trabajo y Enfermedades Profesionales de la Seguridad Social Nº 183;Illes Balears;Palma;Suministro;122310.66;122310.66;2026-10-16 23:59;['5', 'MON'];2026-SUS-088;https://contrataciondelestado.es/wps/poc?uri=deeplink:detalle_licitacion&idEvl=8rfLYCgGtGOsNfRW6APEDw%3D%3D;https://cirameva.com/sanidad/licitaciones/suministro-de-mobiliario-aparatos-sanitarios-y-rhb-para-mutu-1e4d33/
medicamentos y reactivos;33696200;;Reactivos para la determinación automatizada de inmunoglobulinas y proteínas en sangre y metabolismo férrico;Fundación de Hemoterapia y Hemodonación de Castilla y León;Valladolid;Valladolid;Suministro;140160.0;58400.0;2026-10-16 23:59;;PA-S02-2027;https://contrataciondelestado.es/wps/poc?uri=deeplink:detalle_licitacion&idEvl=ZAtGy7jH%2BmKcTfjQf3USOg%3D%3D;https://cirameva.com/sanidad/licitaciones/reactivos-para-la-determinacion-automatizada-de-inmunoglobul-b0aea5/
residencia o centro de día;85000000;;Servicio para la atención especial a personas mayores de 60 años, personas con discapacidad y personas con enfermedad crónica y/o grave en situaciones de emergencia en la Ciudad Autonoma de Ceuta;Órgano de Contratación de la Ciudad Autónoma de Ceuta;Ceuta;CEUTA;Servicios;478299.53;478299.53;2026-10-16 23:59;['3', 'ANN'];72/26;https://contrataciondelestado.es/wps/poc?uri=deeplink:detalle_licitacion&idEvl=WKIrZ8WAnKh%2FR5QFTlaM4A%3D%3D;https://cirameva.com/sanidad/licitaciones/servicio-para-la-atencion-especial-a-personas-mayores-de-60-c115fa/
fisioterapia y rehabilitación;85100000;;Servicio de Asistencia Sanitaria Ambulatoria, Especialidades y Fisioterapia en el ámbito territorial de Hellín (Albacete) y área de influencia.;Dirección General de la Mutual Midat Cyclops, Mutua Colaboradora con la Seguridad Social, nº 1;Albacete;Hellín;Servicios;73821.0;33555.0;2026-10-16 23:59;['2', 'ANN'];N202600542;https://contrataciondelestado.es/wps/poc?uri=deeplink:detalle_licitacion&idEvl=Xt4URxXQtAPIGlsa0Wad%2Bw%3D%3D;https://cirameva.com/sanidad/licitaciones/servicio-de-asistencia-sanitaria-ambulatoria-especialidades-03ca27/
equipamiento médico;33100000;;Acuerdo Marco para el suministro, respetuoso con el medio ambiente, de equipos de cromatografía líquida acoplada a espectometría de masas (LC-MS), para laboratorios clínicos del Sistema Nacional de Salud;Dirección del Instituto Nacional de Gestión Sanitaria (INGESA);España;Madrid;Suministro;97350000.0;97350000.0;2026-10-16 23:59;['24', 'MON'];AM 2026/036.1;https://contrataciondelestado.es/wps/poc?uri=deeplink:detalle_licitacion&idEvl=JK6f6LXSkm8%2FbjW6njtWLw%3D%3D;https://cirameva.com/sanidad/licitaciones/acuerdo-marco-para-el-suministro-respetuoso-con-el-medio-amb-405a10/
residencia o centro de día;85311300;;Gestió dels Serveis d’Intervenció Socioeducatius no residencial per infants, adolescents i les seves famílies al municipi de Gavà, SIS Gavà;Ajuntament de Gavà;;;Otro;582363.49;485302.91;2026-10-16 23:59;;DC SERV 30_26;https://contractaciopublica.cat/ca/detall-publicacio/b41df93d-95a0-4e46-a3c2-ae3acd745c0f/300898452;https://cirameva.com/sanidad/licitaciones/gestio-dels-serveis-dintervencio-socioeducatius-no-residenci-3f5ded/
material sanitario;33000000;;Suministro de parque biosaludable y equipamiento de terapia ocupacional para centros adscritos a la agencia Madrileña de Atención Social (3 lotes);Organismo Autónomo Agencia Madrileña de Atención Social;;;Suministro;48065.0;48065.0;2026-10-16 23:59;['45', 'DAY'];A/SUM-034124/2026;https://contratos-publicos.comunidad.madrid/contrato-publico/suministro-parque-biosaludable-equipamiento-terapia-ocupacional-centros-adscritos;https://cirameva.com/sanidad/licitaciones/suministro-de-parque-biosaludable-y-equipamiento-de-terapia-16609a/
servicio veterinario;85200000;;Serveis de professional veterinari/ària col·legiat/ada i expert en comportament animal.;Ajuntament d'Abrera;;;Servicios;15888.0;6620.0;2026-10-16 23:59;['2', 'ANN'];759/2026;https://contractaciopublica.cat/ca/detall-publicacio/aaed8dd5-8cfd-4b2b-9078-4fbeb3e483dd/300894121;https://cirameva.com/sanidad/licitaciones/serveis-de-professional-veterinari-aria-collegiat-ada-i-expe-c8a527/
medicamentos y reactivos;33696500;;Suministro de productos consumibles con cesión de equipos para la realización de determinaciones analíticas para el diagnóstico de enfermedades de base genética en la Unidad de Genómica del Hospital General Universitario Gregorio Marañón;Hospital General Universitario Gregorio Marañón;;;Suministro;4761111.0;1587037.0;2026-10-16 23:59;['12', 'MON'];A/SUM-021251/2026;https://contratos-publicos.comunidad.madrid/contrato-publico/suministro-productos-consumibles-cesion-equipos-realizacion-determinaciones-1;https://cirameva.com/sanidad/licitaciones/suministro-de-productos-consumibles-con-cesion-de-equipos-pa-5bbf18/
material sanitario;33192230;;Suministro, instalación y puesta en funcionamiento de mesas quirúrgicas con destino al bloque quirúrgico del Hospital Universitario Infanta Leonor (2 lotes).;Hospital Universitario Infanta Leonor;;;Suministro;368000.0;368000.0;2026-10-16 23:59;['1', 'MON'];2026-0-048 (A/SUM-036844/2026);https://contratos-publicos.comunidad.madrid/contrato-publico/suministro-instalacion-puesta-funcionamiento-mesas-quirurgicas-destino-bloque;https://cirameva.com/sanidad/licitaciones/suministro-instalacion-y-puesta-en-funcionamiento-de-mesas-q-bee86d/
material sanitario;33100000;;Suministro, instalación y puesta en funcionamiento de un sistema robótico para rehabilitación de la marcha para el Hospital Asociado Universitario Virgen de la Poveda;Hospital Asociado Universitario Virgen de la Poveda;;;Suministro;435895.0;435895.0;2026-10-16 23:59;['2', 'MON'];A/SUM-037498/2026;https://contratos-publicos.comunidad.madrid/contrato-publico/suministro-instalacion-puesta-funcionamiento-sistema-robotico-rehabilitacion;https://cirameva.com/sanidad/licitaciones/suministro-instalacion-y-puesta-en-funcionamiento-de-un-sist-e1cc6a/
prevención de riesgos laborales;85000000;;Servicio de Prevención Ajeno, en las especialidades de Seguridad en el Trabajo, Higiene Industrial, Ergonomía, Psicosociología Aplicada y Vigilancia de la Salud para los/as empleados/as y centros de trabajo del Ayuntamiento de Arucas.;Alcaldia del Ayuntamiento de Arucas;Gran Canaria;Arucas;Servicios;643747.85;292612.66;2026-10-17 23:00;['2', 'ANN'];15179/2026;https://contrataciondelestado.es/wps/poc?uri=deeplink:detalle_licitacion&idEvl=QdNa5QKTf%2B19Zh%2FyRJgM8w%3D%3D;https://cirameva.com/sanidad/licitaciones/servicio-de-prevencion-ajeno-en-las-especialidades-de-seguri-5748ff/
salud mental;85121200;;Procedimientos diagnósticos mediante ultrasonidos;Gerencia de Asistencia Sanitaria del Bierzo;León;Ponferrada;Servicios;137700.0;137700.0;2026-10-17 23:59;['3', 'MON'];3401-34P-1-2026-17253;https://contrataciondelestado.es/wps/poc?uri=deeplink:detalle_licitacion&idEvl=NXBKFvadGxikU02jNGj1Fw%3D%3D;https://cirameva.com/sanidad/licitaciones/procedimientos-diagnosticos-mediante-ultrasonidos-9e0248/
asistencia sanitaria;85141000;;Prestación de servicios médicos en el Centro Penitenciario Ocaña II;Dirección del Centro Penitenciario Ocaña II;Toledo;Ocaña;Servicios;24458.96;24458.96;2026-10-18 14:00;;2026MED00002;https://contrataciondelestado.es/wps/poc?uri=deeplink:detalle_licitacion&idEvl=sOtOGFnQAnTkY6rls5tG9A%3D%3D;https://cirameva.com/sanidad/licitaciones/prestacion-de-servicios-medicos-en-el-centro-penitenciario-o-283176/
residencia o centro de día;85311000;;Servicio de acogimiento residencial de los recursos residenciales de “Uba” e “Igeldo” para personas menores de edad en situación de desprotección social.;Diputación Foral de Gipuzkoa-Consejo de Gobierno Foral;;;Servicios;6999506.85;6999506.85;2026-10-19 08:00;['1', 'ANN'];2026/63;https://www.contratacion.euskadi.eus/webkpe00-kpeperfi/es/contenidos/anuncio_contratacion/expjaso741146/es_doc/index.html;https://cirameva.com/sanidad/licitaciones/servicio-de-acogimiento-residencial-de-los-recursos-residenc-7ca91d/
material sanitario;33190000;;Suministro en función de las necesidades de material de sanidad para prácticas en la ESENGRA;Intendente de Ferrol;A Coruña;A Coruña;Suministro;32324.98;16524.98;2026-10-19 08:30;['30', 'DAY'];2026/AR42U/00002325E;https://contrataciondelestado.es/wps/poc?uri=deeplink:detalle_licitacion&idEvl=EyOefinDTUJSYrkJkLlFdw%3D%3D;https://cirameva.com/sanidad/licitaciones/suministro-en-funcion-de-las-necesidades-de-material-de-sani-fa8869/
salud mental;85000000;;Servicio de atención a personas penadas con perfil de adicciones y sus familias, que estan cumpliendo una pena en el Centro Penitenciario de Mallorca (CPM), en su proceso de reinserción en el nucleo de convivencia y comunitario.;Consejería de Salud de las Illes Balears;Illes Balears;Palma;Servicios;152665.32;61066.12;2026-10-19 10:00;['2', 'ANN'];CONTR 2026/19895;https://contrataciondelestado.es/wps/poc?uri=deeplink:detalle_licitacion&idEvl=ifa8wLGFt1RPpzdqOdhuWg%3D%3D;https://cirameva.com/sanidad/licitaciones/servicio-de-atencion-a-personas-penadas-con-perfil-de-adicci-03f947/
material sanitario;33192000;;Suministro de tres mesas quirúrgicas para los quirófanos del Hospital Universitario Son Llàtzer;Servicio de Salud de las Illes Balears;Illes Balears;Palma;Suministro;165000.0;165000.0;2026-10-19 11:00;['30', 'DAY'];HSLL377/2026;https://contrataciondelestado.es/wps/poc?uri=deeplink:detalle_licitacion&idEvl=jeuOMNjd7u1SYrkJkLlFdw%3D%3D;https://cirameva.com/sanidad/licitaciones/suministro-de-tres-mesas-quirurgicas-para-los-quirofanos-del-3bf6c3/
material sanitario;33140000;;Suministro de material fungible de seguridad para aplicaciones neuroaxiales (NRFit) y puesta a disposición del equipamiento necesario con destino a la OSI Araba;OSAKIDETZA - Servicio Vasco de Salud -Director Gerente;;;Suministro;2098939.5;777385.0;2026-10-19 12:00;['2', 'ANN'];2026/01795;https://www.contratacion.euskadi.eus/webkpe00-kpeperfi/es/contenidos/anuncio_contratacion/exposakisap2026001795/es_doc/index.html;https://cirameva.com/sanidad/licitaciones/suministro-de-material-fungible-de-seguridad-para-aplicacion-361f4a/
fisioterapia y rehabilitación;85142100;;Servicio Fisioterapeuta Hogar Doz 2027;Instituto Aragonés de Servicios Sociales (IASS);Zaragoza;Zaragoza;Servicios;105266.7;52633.35;2026-10-19 12:08;['12', 'MON'];IASS-2027-00056;https://contrataciondelestado.es/wps/poc?uri=deeplink:detalle_licitacion&idEvl=H91NRto7P8AzjChw4z%2FXvw%3D%3D;https://cirameva.com/sanidad/licitaciones/servicio-fisioterapeuta-hogar-doz-2027-758c6a/
servicio social;85311100;;Servicio Terapia Ocupacional Hogar Doz 2027;Instituto Aragonés de Servicios Sociales (IASS);Zaragoza;Zaragoza;Servicios;105266.7;52633.35;2026-10-19 12:53;['12', 'MON'];IASS-2027-00059;https://contrataciondelestado.es/wps/poc?uri=deeplink:detalle_licitacion&idEvl=73zCpHShrqfCfVQHDepjGQ%3D%3D;https://cirameva.com/sanidad/licitaciones/servicio-terapia-ocupacional-hogar-doz-2027-9fe4d3/
equipamiento médico;33100000;;Contrato del suministro, instalación y puesta en marcha de un ecógrafo de altas prestaciones para investigación en cardiología pediátrica.;Gerencia Fundación para la Investigación de Málaga en Biomedicina y Salud (FIMABIS);Málaga;Málaga;Suministro;147000.0;121487.6;2026-10-19 13:00;['6', 'MON'];2026060;https://contrataciondelestado.es/wps/poc?uri=deeplink:detalle_licitacion&idEvl=6ipdsU6jpteHCIsjvJ3rhQ%3D%3D;https://cirameva.com/sanidad/licitaciones/contrato-del-suministro-instalacion-y-puesta-en-marcha-de-un-9d27c5/
servicio social;85312000;;Servicio de ayuda domiciliaria;Ayuntamiento de Elgoibar-Alcaldesa;;;Servicios;1008587.0;504293.5;2026-10-19 13:00;['1', 'ANN'];15/2026;https://www.contratacion.euskadi.eus/webkpe00-kpeperfi/es/contenidos/anuncio_contratacion/expjaso739417/es_doc/index.html;https://cirameva.com/sanidad/licitaciones/servicio-de-ayuda-domiciliaria-d71362/
material sanitario;33140000;;Suministro de mascarillas desechables de protección respiratoria dual EPI Categoría III: FFP2 (Y PS CLASE I IIR) Y FFP3 y (PS CLASE I TIPO IIR) para el Hospital Universitario 12 de Octubre;Hospital Universitario 12 de Octubre;;;Suministro;121203.5;110185.0;2026-10-19 13:30;['12', 'MON'];2026-0-69;https://contratos-publicos.comunidad.madrid/contrato-publico/suministro-mascarillas-desechables-proteccion-respiratoria-dual-epi-categoria-iii;https://cirameva.com/sanidad/licitaciones/suministro-de-mascarillas-desechables-de-proteccion-respirat-dc76f8/
equipamiento médico;33112000;;Suministro de un Ecógrafo de tres sondas para el Servicio de Urgencias;Gerencia del Hospital Intermutual de Levante;Valencia/València;San Antonio de Benagéber (Valencia);Suministro;42960.0;35800.0;2026-10-19 14:00;['60', 'DAY'];HIL/2026/01/082;https://contrataciondelestado.es/wps/poc?uri=deeplink:detalle_licitacion&idEvl=NfPu%2BZqCgDmqb7rCcv76BA%3D%3D;https://cirameva.com/sanidad/licitaciones/suministro-de-un-ecografo-de-tres-sondas-para-el-servicio-de-d558ca/
fisioterapia y rehabilitación;85100000;;Asistencia sanitaria ambulatoria y fisioterapia en Cuellar;Subdirección General Sanitaria de ASEPEYO. Mutua Colaboradora con la Seguridad Social. num. 151;Extra-Regio NUTS 3;Nacional;Servicios;40040.0;7700.0;2026-10-19 14:00;['12', 'MON'];SP00067/2026;https://contrataciondelestado.es/wps/poc?uri=deeplink:detalle_licitacion&idEvl=bWoW6bEIkx3pxJFXpLZ%2B2A%3D%3D;https://cirameva.com/sanidad/licitaciones/asistencia-sanitaria-ambulatoria-y-fisioterapia-en-cuellar-dbf7ff/
medicamentos y reactivos;33696500;;Suministro periódico de reactivos y consumibles de transcriptómica espacial y secuenciación masiva basada en tecnología de nanobolas de DNA para el Instituto de Parasitología y Biomedicina López Neyra (IPBLN);Secretaría General de la Agencia Estatal Consejo Superior de Investigaciones Científicas;Granada;Armilla GRANADA;Suministro;126416.4;114924.0;2026-10-19 14:00;['24', 'MON'];35516/26;https://contrataciondelestado.es/wps/poc?uri=deeplink:detalle_licitacion&idEvl=OsW3nnh0XG2GCFcHcNGIlQ%3D%3D;https://cirameva.com/sanidad/licitaciones/suministro-periodico-de-reactivos-y-consumibles-de-transcrip-fda7a6/
equipamiento médico;33192230;;Suministro, instalación y puesta en funcionamiento de una mesa quirúrgica con destino al Quirófano de Cirugía General del Hospital Universitario San Agustín, Área de Salud I Occidente del Servicio de Salud del Principado de Asturias;Gerencia del Área Sanitaria III - Avilés del Servicio de Salud del Principado de Asturias (SESPA);;Avilés;Suministro;45500.0;45500.0;2026-10-19 14:00;['2', 'MON'];2026000873;https://contrataciondelestado.es/wps/poc?uri=deeplink:detalle_licitacion&idEvl=MxHA%2F06osvK5HQrHoP3G5A%3D%3D;https://cirameva.com/sanidad/licitaciones/suministro-instalacion-y-puesta-en-funcionamiento-de-una-mes-be1786/
material sanitario;33141625;;CCompras_Suministro de hisopos estériles en tubo sin medio para el cribado poblacional de cáncer de cérvix;Servicio de Salud - Servicios Centrales;;Oviedo;Suministro;144000.0;60000.0;2026-10-19 14:00;['12', 'MON'];2026000785;https://contrataciondelestado.es/wps/poc?uri=deeplink:detalle_licitacion&idEvl=w9kU4U8zjNt%2FR5QFTlaM4A%3D%3D;https://cirameva.com/sanidad/licitaciones/ccompras-suministro-de-hisopos-esteriles-en-tubo-sin-medio-p-868e3c/
servicio social;85312320;;Servei d’assessoria i gestió de mobilitat internacional (voluntariat, orientació professional i pràctiques extracurriculars) per a la Universitat de Girona.;Universitat de Girona;;;Servicios;164766.96;41191.74;2026-10-19 14:00;['1', 'ANN'];UdG-2026-0021;https://contractaciopublica.cat/ca/detall-publicacio/15536523-93fc-43bf-a3b6-70bfaf059870/300895479;https://cirameva.com/sanidad/licitaciones/servei-dassessoria-i-gestio-de-mobilitat-internacional-volun-52b436/
servicio veterinario;85200000;;El contracte té per objecte la contractació del servei veterinari per a les colònies de gats ferals, així com altres animals que puguin aparèixer abandonats a la via pública del municipi;Ajuntament de Castell-Platja d'Aro;;;Servicios;59700.0;29850.0;2026-10-19 14:00;;GENE2026007848 (X2026007964);https://contractaciopublica.cat/ca/detall-publicacio/de301326-f4ff-452b-be0a-ba3ed35147b6/300896961;https://cirameva.com/sanidad/licitaciones/el-contracte-te-per-objecte-la-contractacio-del-servei-veter-dbff3c/
equipamiento médico;33100000;;Monitores Hemodinámicos Anestesia;Hospital Universitario Príncipe de Asturias;;;Suministro;120000.0;120000.0;2026-10-19 14:00;['15', 'DAY'];PAS HUPA 131/26;https://contratos-publicos.comunidad.madrid/contrato-publico/monitores-hemodinamicos-anestesia;https://cirameva.com/sanidad/licitaciones/monitores-hemodinamicos-anestesia-f0430c/
material sanitario;33100000;;Mesa de Anestesia Gama de Media Cirugía Ambulatoria;Hospital Universitario Príncipe de Asturias;;;Suministro;105000.0;105000.0;2026-10-19 14:00;['15', 'DAY'];PAS HUPA 129/26;https://contratos-publicos.comunidad.madrid/contrato-publico/mesa-anestesia-gama-media-cirugia-ambulatoria;https://cirameva.com/sanidad/licitaciones/mesa-de-anestesia-gama-de-media-cirugia-ambulatoria-946ddc/
material sanitario;33100000;;Mesas Anestesia Gama Media Servicio Traumatología;Hospital Universitario Príncipe de Asturias;;;Suministro;105000.0;105000.0;2026-10-19 14:00;['15', 'DAY'];PAS HUPA 127/26;https://contratos-publicos.comunidad.madrid/contrato-publico/mesas-anestesia-gama-media-servicio-traumatologia;https://cirameva.com/sanidad/licitaciones/mesas-anestesia-gama-media-servicio-traumatologia-7c5988/
atención a menores;85320000;;PROGRAMA PAUSOKA, apoyo a la investigación y evaluación de situaciones de desprotección infantil mediante intervención psicoeducativa;Ayuntamiento de Vitoria-Gasteiz-Junta de Gobierno Local;;;Servicios;1401983.3;772498.07;2026-10-19 14:00;['24', 'MON'];2026/CO_ASER/0105;https://www.contratacion.euskadi.eus/webkpe00-kpeperfi/es/contenidos/anuncio_contratacion/expjaso743079/es_doc/index.html;https://cirameva.com/sanidad/licitaciones/programa-pausoka-apoyo-a-la-investigacion-y-evaluacion-de-si-69100e/
medicamentos y reactivos;33631600;;Contratación de suministro de productos desinfectantes, de protección individual y de limpieza destinados a sala blanca para la Fundación para la Investigación Biomédica del Hospital Universitario 12 de Octubre. FIB 2026/021;Fundación para la Investigación Biomédica del Hospital Universitario 12 de Octubre;;;Suministro;481321.63;218782.56;2026-10-19 14:00;['12', 'MON'];FIB 2026/021;https://contratos-publicos.comunidad.madrid/contrato-publico/contratacion-suministro-productos-desinfectantes-proteccion-individual-limpieza;https://cirameva.com/sanidad/licitaciones/contratacion-de-suministro-de-productos-desinfectantes-de-pr-19b33b/
medicamentos y reactivos;33651600;;Adquisición de vacuna frente al virus respiratorio sincitial;Dirección General de Salud Pública, Consumo y Cuidados, Consejería de Salud y Políticas Sociales;;;Suministro;80064.0;66720.0;2026-10-19 14:00;['2', 'MON'];06-3-9.01-0102/2026;https://www.larioja.org/contratacion-publica/es/licitaciones/consulta-expedientes?homepage=?p_colateral%3D06-3-9.01-0102%2F2026%26p_dia_ini%3D30%26p_mes_ini%3D09%26p_ano_ini%3D2026%26p_dia_fin%3D30%26p_mes_fin%3D09%26p_ano_fin%3D2026%26p_todas%3DN;https://cirameva.com/sanidad/licitaciones/adquisicion-de-vacuna-frente-al-virus-respiratorio-sincitial-6bfcc3/
residencia o centro de día;85140000;;Servicio de podología en los Centros de Participación Activa de Personas Mayores de Arnedo, Autol y Rincón de Soto, La Rioja.;Dirección General de Dependencia, Discapacidad y Mayores, Consejería de Salud y Políticas Sociales;;;Servicios;371470.0;;2026-10-19 14:00;['24', 'MON'];06-7-2.01-0011/2027;https://www.larioja.org/contratacion-publica/es/licitaciones/consulta-expedientes?homepage=?p_colateral%3D06-7-2.01-0011%2F2027%26p_dia_ini%3D29%26p_mes_ini%3D09%26p_ano_ini%3D2026%26p_dia_fin%3D29%26p_mes_fin%3D09%26p_ano_fin%3D2026%26p_todas%3DN;https://cirameva.com/sanidad/licitaciones/servicio-de-podologia-en-los-centros-de-participacion-activa-71114b/
material sanitario;33110000;;Suministro de Dos Videogastroscopios de Alta Definición con foco continuo para la Unidad de Endoscopias Digestivo de la Organización Sanitaria Integrada Ezkerraldea Enkarterri Cruces;OSAKIDETZA - Servicio Vasco de Salud -Director Gerente;;;Suministro;75167.0;75167.0;2026-10-19 14:30;['3', 'MON'];2026/01880;https://www.contratacion.euskadi.eus/webkpe00-kpeperfi/es/contenidos/anuncio_contratacion/exposakisap2026001880/es_doc/index.html;https://cirameva.com/sanidad/licitaciones/suministro-de-dos-videogastroscopios-de-alta-definicion-con-cf641c/
material sanitario;33110000;;Suministro de un Detector Digital para la Sala de Radiología del Servicio de Urgencias de la Organización Sanitaria Integrada Ezkerraldea Enkarterri Cruces;OSAKIDETZA - Servicio Vasco de Salud -Director Gerente;;;Suministro;54162.0;54162.0;2026-10-19 14:30;['3', 'MON'];2026/01870;https://www.contratacion.euskadi.eus/webkpe00-kpeperfi/es/contenidos/anuncio_contratacion/exposakisap2026001870/es_doc/index.html;https://cirameva.com/sanidad/licitaciones/suministro-de-un-detector-digital-para-la-sala-de-radiologia-4fbe28/
material sanitario;33110000;;Suministro de un Ecocardiógrafo de Alta Gama para la Unidad de Cardiología Pediátrica de la Organización Sanitaria Integrada Ezkerraldea Enkarterri Cruces;OSAKIDETZA - Servicio Vasco de Salud -Director Gerente;;;Suministro;84500.0;84500.0;2026-10-19 14:30;['3', 'MON'];2026/01883;https://www.contratacion.euskadi.eus/webkpe00-kpeperfi/es/contenidos/anuncio_contratacion/exposakisap2026001883/es_doc/index.html;https://cirameva.com/sanidad/licitaciones/suministro-de-un-ecocardiografo-de-alta-gama-para-la-unidad-0404c6/
servicio social;85310000;;Prestació de serveis d’execució d’una intervenció comunitària orientada a la millora del benestar emocional i la salut social de la població adulta al Barri de la Verneda i la Pau, Districte Sant Martí;Agència de Salut Pública de Barcelona;;;Otro;302416.44;151208.22;2026-10-19 15:00;;014_26000028;https://contractaciopublica.cat/ca/detall-publicacio/4636bba0-58d2-4651-8740-06490cae17ac/300899091;https://cirameva.com/sanidad/licitaciones/prestacio-de-serveis-dexecucio-duna-intervencio-comunitaria-216a5b/
equipamiento médico;33124100;;0000695/2026 Acuerdo Marco para el Suministro de tracto sucesivo y precio unitario del sistema de monitorización de glucosa intersticial en la población pediátrica y adulta con diabetes tipo 1, diabetes tipo 2 y otros tipos de diabetes insulinopénicas en tratamiento con múltiples dosis de insulina y con insulina basal con necesidades de mejora en el control metabólico, en los centros del Servicio Andaluz de Salud;Servicio Andaluz de Salud;;;Suministro;292819135.76;129263226.73;2026-10-19 15:00;['24', 'MON'];CONTR 2026 0000320294;https://www.juntadeandalucia.es/haciendayadministracionpublica/apl/pdc_sirec/perfiles-licitaciones/detalle-licitacion.jsf?idExpediente=1007356;https://cirameva.com/sanidad/licitaciones/0000695-2026-acuerdo-marco-para-el-suministro-de-tracto-suce-3d4598/
prótesis e implantes;33184100;;0000727/2026 a.m. con varias empresas para contratar el suministro de osteosintesis de mano_ grupo 15.02;Servicio Andaluz de Salud;;;Suministro;887728.8;739774.0;2026-10-19 15:00;['48', 'MON'];CONTR 2026 0000317147;https://www.juntadeandalucia.es/haciendayadministracionpublica/apl/pdc_sirec/perfiles-licitaciones/detalle-licitacion.jsf?idExpediente=1006327;https://cirameva.com/sanidad/licitaciones/0000727-2026-a-m-con-varias-empresas-para-contratar-el-sumin-d4b374/
servicio social;85320000;;Servicio de Mediación Falmiliar;Presidencia de la Mancomunidad Intermunicipal La Encina;Madrid;Villanueva de La Cañada;Servicios;32307.03;7692.15;2026-10-19 15:30;['3', 'MON'];CSER/PAS/2/2026;https://contrataciondelestado.es/wps/poc?uri=deeplink:detalle_licitacion&idEvl=WyiwIqeCz4qOUi78BmzhOQ%3D%3D;https://cirameva.com/sanidad/licitaciones/servicio-de-mediacion-falmiliar-be8964/
equipamiento médico;33182100;;Suministro en régimen de arrendamiento operativo (renting), instalación, mantenimiento integral y formación para el uso de desfibriladores externos semiautomáticos (DESA) en las instalaciones de la Universidad de Sevilla.;Rectorado de la Universidad de Sevilla;Sevilla;Sevilla;Suministro;37920.0;;2026-10-19 18:00;['36', 'MON'];26/AMDESFIBRILADORES;https://contrataciondelestado.es/wps/poc?uri=deeplink:detalle_licitacion&idEvl=tBHAX1k3ZvMeIBJRHQiPkQ%3D%3D;https://cirameva.com/sanidad/licitaciones/suministro-en-regimen-de-arrendamiento-operativo-renting-ins-d90660/
salud mental;85121231;;Contrato de servicio de monitorizaciones prolongadas de ecg con holter textil para monitorizaciones de 30 días según protocolo losa-hf (proyecto pi25/00282), para la fundación para la investigación biomédica del hospital universitario la paz, ensayo clínico losa-hf: “ensayo clínico multicéntrico aleatorizado en pacientes con insuficiencia cardíaca y fibrilación auricular persistente de larga duración: ablación vs tratamiento médico óptimo (losa-hf)” a adjudicar por procedimiento abierto simplificado mediante pluralidad de criterios. el proyecto pi25/00282 ha sido financiado por el instituto de salud carlos iii y cofinanciado por la unión europea. expediente pas 44-2026.;Fundación para la Investigación Biomédica del Hospital Universitario La Paz;;;Servicios;56628.0;56628.0;2026-10-19 18:00;['36', 'MON'];PAS 44-2026;https://contratos-publicos.comunidad.madrid/contrato-publico/contrato-servicio-monitorizaciones-prolongadas-ecg-holter-textil-monitorizaciones;https://cirameva.com/sanidad/licitaciones/contrato-de-servicio-de-monitorizaciones-prolongadas-de-ecg-943d6c/
material sanitario;33141200;;P.A.S. 2026-5-23. Suministro de Kit de perfusión de hígado;Hospital Universitario La Paz;;;Suministro;119976.0;119976.0;2026-10-19 18:00;['12', 'MON'];P.A.S. 2026-5-23.;https://contratos-publicos.comunidad.madrid/contrato-publico/pas-2026-5-23-suministro-kit-perfusion-higado;https://cirameva.com/sanidad/licitaciones/p-a-s-2026-5-23-suministro-de-kit-de-perfusion-de-higado-704b44/
equipamiento médico;33168000;;Adquisición de equipo para el programa de cribado de colón para el servcio de Gastroenterología del Hospital Universitario Ramón y Cajal;Hospital Universitario Ramón y Cajal;;;Suministro;137190.0;137190.0;2026-10-19 18:00;['1', 'MON'];2026000035;https://contratos-publicos.comunidad.madrid/contrato-publico/adquisicion-equipo-programa-cribado-colon-servcio-gastroenterologia-hospital;https://cirameva.com/sanidad/licitaciones/adquisicion-de-equipo-para-el-programa-de-cribado-de-colon-p-0cd966/
material sanitario;33191000;;Servicio del mantenimiento del equipamiento marca MATACHANA del Hospital Universitario Ramón y Cajal y Centros de especialidades dependientes del mismo.;Hospital Universitario Ramón y Cajal;;;Servicios;462109.43;318696.16;2026-10-19 18:00;['48', 'MON'];ST2025-0-02;https://contratos-publicos.comunidad.madrid/contrato-publico/servicio-mantenimiento-equipamiento-marca-matachana-hospital-universitario-ramon;https://cirameva.com/sanidad/licitaciones/servicio-del-mantenimiento-del-equipamiento-marca-matachana-1a3fc3/
asistencia sanitaria;85141211;;Contrato de servicios de tratamiento de diálisis domiciliaria peritoneal y hemodiálisis con destino al Servicio de Nefrología del Hospital Universitario Ramón y Cajal;Hospital Universitario Ramón y Cajal;;;Servicios;4693958.64;1117609.2;2026-10-19 18:00;['12', 'MON'];A/SER-021785/2026;https://contratos-publicos.comunidad.madrid/contrato-publico/contrato-servicios-tratamiento-dialisis-domiciliaria-peritoneal-hemodialisis;https://cirameva.com/sanidad/licitaciones/contrato-de-servicios-de-tratamiento-de-dialisis-domiciliari-bf8836/
productos de higiene y cuidado;33751000;;Suministro de absorbentes de incontinencia de orina de adultos y niños para cubrir las necesidades en los diversos servicios de la Gerencia de Asistencia Sanitaria de Palencia.;Gerencia de Asistencia Sanitaria de Palencia;Palencia;Palencia;Suministro;163092.6;148266.0;2026-10-19 19:00;['2', 'ANN'];2020016804;https://contrataciondelestado.es/wps/poc?uri=deeplink:detalle_licitacion&idEvl=kUQH0xNFNgiIzo3LHNPGcQ%3D%3D;https://cirameva.com/sanidad/licitaciones/suministro-de-absorbentes-de-incontinencia-de-orina-de-adult-81ec3b/
prevención de riesgos laborales;85100000;;Servicio de Prevención Ajeno de la Comarca del Bajo Aragón, desde el 1 de enero de 2027 hasta el 31 de diciembre de 2028.;Junta de Gobierno de la Comarca del Bajo Aragón;Teruel;Alcañiz;Servicios;25325.68;3262.84;2026-10-19 23:59;['2', 'ANN'];1838011T;https://contrataciondelestado.es/wps/poc?uri=deeplink:detalle_licitacion&idEvl=SiPAPBsSTbKOUi78BmzhOQ%3D%3D;https://cirameva.com/sanidad/licitaciones/servicio-de-prevencion-ajeno-de-la-comarca-del-bajo-aragon-d-9732ce/
asistencia sanitaria;85100000;;Contratación de una bolsa de horas de medicina y enfermería para un servicio asistencial que colabore con el Servicio Preventivo Asistencial de Medicina del Trabajo;Mesa de Les Corts Valencianes;Valencia/València;Valencia (València);Servicios;10009.0;10009.0;2026-10-19 23:59;['1', 'ANN'];CVA SPAMT 2026/02;https://contrataciondelestado.es/wps/poc?uri=deeplink:detalle_licitacion&idEvl=A9NSw5Pd2ZgZDGvgaZEVxQ%3D%3D;https://cirameva.com/sanidad/licitaciones/contratacion-de-una-bolsa-de-horas-de-medicina-y-enfermeria-7ffacc/
servicio social;85312400;;Servicio de ocio y tiempo libre dirigido a personas con diversidad funcional, destinado a favorecer su inclusión social, autonomía personal, participación comunitaria y disfrute del tiempo libre.;Junta de Gobierno del Ayuntamiento de Borriana;Castellón/Castelló;Burriana;Servicios;58418.19;27490.91;2026-10-19 23:59;['2', 'ANN'];C207/26G11447/2026;https://contrataciondelestado.es/wps/poc?uri=deeplink:detalle_licitacion&idEvl=1mhnfs7DwVFJ8Trn0ZPzLw%3D%3D;https://cirameva.com/sanidad/licitaciones/servicio-de-ocio-y-tiempo-libre-dirigido-a-personas-con-dive-3fa13a/
medicamentos y reactivos;33661100;;Acuerdo Marco con varios adjudicatarios para el suministro de sevoflurano y la puesta a disposición sin coste adicional del material necesario para su administración, con destino a los centros sanitarios dependientes de la Gerencia Regional de Salud de Castilla y León.;Gerencia Regional de Salud de Castilla y León;Castilla y León;Valladolid;Suministro;1968912.0;894960.0;2026-10-19 23:59;['2', 'ANN'];2020016903;https://contrataciondelestado.es/wps/poc?uri=deeplink:detalle_licitacion&idEvl=wYhadGF3mgNVq4S9zvaQpQ%3D%3D;https://cirameva.com/sanidad/licitaciones/acuerdo-marco-con-varios-adjudicatarios-para-el-suministro-d-f99282/
equipamiento médico;33192230;;Suministro, instalación y puesta en marcha de 1 mesa quirúrgica de altas prestaciones con columna móvil y tablero no intercambiable adaptable a procesos quirúrgicos complejos o específicos para el bloque quirúrgico (q 4.4);Hospital Universitario de La Princesa;;;Suministro;67000.0;67000.0;2026-10-19 23:59;['1', 'MON'];A/SUM-040679/2026;https://contratos-publicos.comunidad.madrid/contrato-publico/suministro-instalacion-puesta-marcha-1-mesa-quirurgica-altas-prestaciones-0;https://cirameva.com/sanidad/licitaciones/suministro-instalacion-y-puesta-en-marcha-de-1-mesa-quirurgi-59eeae/
productos de higiene y cuidado;33700000;;Adquisición de productos y utensilios de limpieza y aseo personal para centros adscritos a la Agencia Madrileña de Atención Social (3 lotes);Organismo Autónomo Agencia Madrileña de Atención Social;;;Suministro;4543689.18;873786.38;2026-10-19 23:59;['12', 'MON'];A/SUM-028646/2026;https://contratos-publicos.comunidad.madrid/contrato-publico/adquisicion-productos-utensilios-limpieza-aseo-personal-centros-adscritos-0;https://cirameva.com/sanidad/licitaciones/adquisicion-de-productos-y-utensilios-de-limpieza-y-aseo-per-ed633b/
salud mental;85121270;;Servei de suport als professionals i acompanyament emocional d'equips de l'ABSS del Tarragonès;Consell Comarcal del Tarragonès;;;Servicios;19680.0;8200.0;2026-10-19 23:59;['2', 'ANN'];2026-0004167;https://contractaciopublica.cat/ca/detall-publicacio/05def4d1-68aa-4fd6-9fa1-36ae89b5d53a/300868441;https://cirameva.com/sanidad/licitaciones/servei-de-suport-als-professionals-i-acompanyament-emocional-0c9aa2/
equipamiento médico;33192230;;Suministro, instalación y puesta en marcha de 1 mesa quirúrgica convencional móvil para el bloque quirúrgico de la planta 5ª (Q 5.3/5.4) del Hospital Universitario de La Princesa;Hospital Universitario de La Princesa;;;Suministro;43000.0;43000.0;2026-10-19 23:59;['1', 'MON'];A/SUM-040683/2026;https://contratos-publicos.comunidad.madrid/contrato-publico/suministro-instalacion-puesta-marcha-1-mesa-quirurgica-convencional-movil-bloque;https://cirameva.com/sanidad/licitaciones/suministro-instalacion-y-puesta-en-marcha-de-1-mesa-quirurgi-4df8d8/
material sanitario;33140000;;Suministro de material fungible para Cirugía Laparoscópica con cesión de uso del equipamiento necesario para el Hospital General Universitario Gregorio Marañón;Hospital General Universitario Gregorio Marañón;;;Suministro;5076689.59;976286.46;2026-10-19 23:59;['12', 'MON'];A/SUM-031373/2026;https://contratos-publicos.comunidad.madrid/contrato-publico/suministro-material-fungible-cirugia-laparoscopica-cesion-uso-equipamiento;https://cirameva.com/sanidad/licitaciones/suministro-de-material-fungible-para-cirugia-laparoscopica-c-b92c17/
equipamiento médico;33100000;;Suministro de un equipo robotizado de valoración y tratamiento de la postura, estabilidad y equilibrio para el Hospital Asociado Universitario Virgen de la Poveda;Hospital Asociado Universitario Virgen de la Poveda;;;Suministro;178320.0;178320.0;2026-10-19 23:59;['2', 'MON'];A/SUM-038216/2026;https://contratos-publicos.comunidad.madrid/contrato-publico/suministro-equipo-robotizado-valoracion-tratamiento-postura-estabilidad-equilibrio;https://cirameva.com/sanidad/licitaciones/suministro-de-un-equipo-robotizado-de-valoracion-y-tratamien-e6ce4b/
ayuda a domicilio;85312000;;CPS-2026-0104: Contrato de servicio de teleasistencia de la Comunidad Autónoma de Galicia sujeto la regulación armonizada;Consellería de Política Social e Igualdade;;;Servicios;7976448.0;2592345.6;2026-10-19 23:59;;PcPG/2026/829180;https://www.contratosdegalicia.gal/licitacion?N=829180;https://cirameva.com/sanidad/licitaciones/cps-2026-0104-contrato-de-servicio-de-teleasistencia-de-la-c-42844b/
servicio social;85320000;;Servicio para el desarrollo de actividades de sensibilización, prevención y concienciación en materia de igualdad, prevención y concienciación den materia de igualdad y prevención de la violencia contra las mujeres.;Alcaldía del Ayuntamiento de Isla Cristina;Huelva;ISLA CRISTINA;Servicios;7226.0;7226.0;2026-10-20 00:00;['7', 'MON'];5644/2026;https://contrataciondelestado.es/wps/poc?uri=deeplink:detalle_licitacion&idEvl=zJ9fkBGX%2BjqcCF8sV%2BqtYA%3D%3D;https://cirameva.com/sanidad/licitaciones/servicio-para-el-desarrollo-de-actividades-de-sensibilizacio-6c4075/
atención a menores;85312110;;"Contratación del Servicio Madrugadores en los Colegios Públicos de ""El Pascón"" y ""Verdeamor"" de Tineo, durante el curso escolar 2026-2027, dentro del Plan Corresponsables 2026, por procedimiento abierto simplificado sumario.";Alcaldía del Ayuntamiento de Tineo;Asturias;Tineo;Servicios;34131.05;28434.21;2026-10-20 14:00;['9', 'MON'];CYP/2026/84;https://contrataciondelestado.es/wps/poc?uri=deeplink:detalle_licitacion&idEvl=0XVdTnqoqoD9pbnDwlaUlg%3D%3D;https://cirameva.com/sanidad/licitaciones/contratacion-del-servicio-madrugadores-en-los-colegios-publi-8dab87/
odontología;85131000;;Contratación del servicio de atención odontológica a los internos del C.P. Ocaña I;Dirección del Centro Penitenciario de Ocaña I;Toledo;Ocaña (Toledo);Servicios;13026.95;13026.95;2026-10-20 14:00;['1', 'ANN'];202600000016;https://contrataciondelestado.es/wps/poc?uri=deeplink:detalle_licitacion&idEvl=beUN%2BqKPHoYmMOlAXxDEjw%3D%3D;https://cirameva.com/sanidad/licitaciones/contratacion-del-servicio-de-atencion-odontologica-a-los-int-bf85b9/
equipamiento médico;33100000;;Suministro, instalación y puesta en funcionamiento de tres equipos completos de capnometría transcutánea, destinados a la monitorización no invasiva y continua de la tensión transcutánea de dióxido de carbono (tcPCO2), oxígeno (tcPO2), saturación periférica de oxígeno (SpO2) y frecuencia de pulso (FP) para el Área de Gestión Clínica del Pulmón del HUCA;Gerencia del Área Sanitaria IV del Servicio de Salud del Principado de Asturias;Asturias;Oviedo;Suministro;37500.0;37500.0;2026-10-20 14:00;['30', 'DAY'];2026000896;https://contrataciondelestado.es/wps/poc?uri=deeplink:detalle_licitacion&idEvl=IjVzFNwc6Oc2wEhQbcAqug%3D%3D;https://cirameva.com/sanidad/licitaciones/suministro-instalacion-y-puesta-en-funcionamiento-de-tres-eq-871caf/
prevención de riesgos laborales;85147000;;L'objecte del present contracte és la prestació d'un servei de prevenció de riscos laborals aliè (SPA) per al desenvolupament de l'activitat preventiva de la Sindicatura de Comptes, en les especialitats i disciplines tècniques de Seguretat en el Treball, Higiene Industrial, i Ergonomia i Psicosociologia Aplicada, així com la Vigilància de la Salut i Medicina del Treball. Així mateix, el contracte comprèn, com a prestació complementària vinculada a la promoció de la salut en el treball, la realització de determinades proves mèdiques addicionals voluntàries per al personal de la Sindicatura, en els termes recollits en el Plec de Prescripcions Tècniques (PPT).;Sindicatura de Comptes de Catalunya;;;Servicios;96225.0;19245.0;2026-10-20 14:00;['1', 'ANN'];SC-2026-29;https://contractaciopublica.cat/ca/detall-publicacio/31daeefe-7dff-448a-8733-d301d0e48423/300898668;https://cirameva.com/sanidad/licitaciones/l-objecte-del-present-contracte-es-la-prestacio-d-un-servei-a6ee67/
medicamentos y reactivos;33696500;;Suministro de reactivos con cesión del equipamiento necesario para la determinación de gases del Hospital Clínic de Barcelona (HCB);Consorci Hospital Clínic de Barcelona (HCB);;;Suministro;1504426.0;820596.0;2026-10-20 14:00;['3', 'ANN'];2026-158;https://contractaciopublica.cat/ca/detall-publicacio/1d698f39-343e-4acc-b096-8235b3872283/300884515;https://cirameva.com/sanidad/licitaciones/suministro-de-reactivos-con-cesion-del-equipamiento-necesari-dd6465/
salud mental;85121270;;Asistencia psicológica y social a las víctimas de delito DGJ;Departamento de Presidencia, Economía y Justicia del Gobierno de Aragón;Zaragoza;Zaragoza;Servicios;424930.76;318698.08;2026-10-20 15:00;['3', 'ANN'];PEJ-2026-20040;https://contrataciondelestado.es/wps/poc?uri=deeplink:detalle_licitacion&idEvl=AhL%2FJkYi0%2B6cTfjQf3USOg%3D%3D;https://cirameva.com/sanidad/licitaciones/asistencia-psicologica-y-social-a-las-victimas-de-delito-dgj-7dda7c/
equipamiento médico;33111660;;Suministro, instalación y puesta en funcionamiento de un equipo de densitometría ósea con destino al área sanitaria del Hospital Universitario 12 de Octubre;Hospital Universitario 12 de Octubre;;;Suministro;59500.0;59500.0;2026-10-20 18:00;['1', 'MON'];2026-0-70;https://contratos-publicos.comunidad.madrid/contrato-publico/suministro-instalacion-puesta-funcionamiento-equipo-densitometria-osea-destino-0;https://cirameva.com/sanidad/licitaciones/suministro-instalacion-y-puesta-en-funcionamiento-de-un-equi-e48995/
atención a menores;85312110;;Servicio de guarda y custodia de menores en horario de ampliación escolar.;Alcaldía del Ayuntamiento de Terrateig;Valencia/València;Terrateig;Servicios;27370.0;12650.0;2026-10-20 19:00;['8', 'MON'];3043730D;https://contrataciondelestado.es/wps/poc?uri=deeplink:detalle_licitacion&idEvl=arkFRBM3MnrjHF5qKI4aaw%3D%3D;https://cirameva.com/sanidad/licitaciones/servicio-de-guarda-y-custodia-de-menores-en-horario-de-ampli-30b438/
prevención de riesgos laborales;85147000;;Servicio de prevencion de riesgos laborales;Alcaldia del Ayuntamiento de Vallehermoso;La Gomera;Vallehermoso;Servicios;44859.8;22429.91;2026-10-20 23:59;['2', 'ANN'];1390/2026;https://contrataciondelestado.es/wps/poc?uri=deeplink:detalle_licitacion&idEvl=qnSW8UiWG%2FcadbH3CysQuQ%3D%3D;https://cirameva.com/sanidad/licitaciones/servicio-de-prevencion-de-riesgos-laborales-7acb99/
servicio veterinario;85210000;;Servicio de esterilización a los gatos integrantes de las colonias felinas en Málaga Oeste.;Concejala Delegada de Sostenibilidad Medioambiental del Excmo. Ayuntamiento de Málaga;Málaga;Málaga;Servicios;23122.48;19268.73;2026-10-21 13:00;['2', 'MON'];PASA 26/21/1174;https://contrataciondelestado.es/wps/poc?uri=deeplink:detalle_licitacion&idEvl=heFYE4zxuZSOUi78BmzhOQ%3D%3D;https://cirameva.com/sanidad/licitaciones/servicio-de-esterilizacion-a-los-gatos-integrantes-de-las-co-c91ccd/
residencia o centro de día;85312100;;Contrato Gestión Centro de Día;PLENO;;;Gestión de servicio público;600130.8;100.0;2026-10-21 13:00;['4', 'ANN'];3259_2026.3;https://hacienda.navarra.es/sicpportal/mtoAnunciosModalidad.aspx?cod=26092511270003453160;https://cirameva.com/sanidad/licitaciones/contrato-gestion-centro-de-dia-3318f6/
fisioterapia y rehabilitación;85100000;;Contratación del servicio de asistencia sanitaria ambulatoria -tratamiento inicial y sucesivo con servicio de Fisioterapia hasta remisión a los servicios médicos propios de la Mutua- en la Comunidad Autónoma de Galicia para FREMAP, Mutua Colaboradora con la Seguridad Social nº 61;Director Gerente de FREMAP;ESPAÑA;ESPAÑA;Servicios;443850.96;237777.3;2026-10-21 14:00;['36', 'MON'];LICT/99/139/2025/0243;https://contrataciondelestado.es/wps/poc?uri=deeplink:detalle_licitacion&idEvl=bj8Yy6yOVgIUqXM96WStVA%3D%3D;https://cirameva.com/sanidad/licitaciones/contratacion-del-servicio-de-asistencia-sanitaria-ambulatori-fbabfa/
equipamiento médico;33100000;;Suministro, instalación y mantenimiento de equipos varios para la unidad quirúrgica del INSTITUTO DE TRAUMATOLOGÍA DE UNIÓN DE MUTUAS, M.C.S.S. Nº 267 (ITUM);Dirección Gerencia de Unión de Mutuas, Mutua Colaboradora con la Seguridad Social Nº 267;Castellón/Castelló;Castellón;Suministro;123762.0;123762.0;2026-10-21 23:59;['4', 'MON'];64/2026;https://contrataciondelestado.es/wps/poc?uri=deeplink:detalle_licitacion&idEvl=GcVCEdQZs7Kqb7rCcv76BA%3D%3D;https://cirameva.com/sanidad/licitaciones/suministro-instalacion-y-mantenimiento-de-equipos-varios-par-f4bb49/
asistencia sanitaria;85111320;;Procedimientos IVE - Gerencia de Salud de Area de Burgos;Gerencia de Salud de Área de Burgos;Burgos;Burgos;Servicios;333300.0;181800.0;2026-10-21 23:59;['36', 'MON'];2001-20A-1-2027-16869;https://contrataciondelestado.es/wps/poc?uri=deeplink:detalle_licitacion&idEvl=TpmIcIn3sfPXOjazN1Dw9Q%3D%3D;https://cirameva.com/sanidad/licitaciones/procedimientos-ive-gerencia-de-salud-de-area-de-burgos-7fac08/
material sanitario;33100000;;Suministro, instalación y mantenimiento de un contador hematológico para el servicio de laboratorio del INSTITUTO DE TRAUMATOLOGÍA de UNIÓN DE MUTUAS, M.C.S.S. Nº 267 (ITUM);Dirección Gerencia de Unión de Mutuas, Mutua Colaboradora con la Seguridad Social Nº 267;Castellón/Castelló;Castellón;Suministro;25000.0;25000.0;2026-10-21 23:59;['4', 'MON'];80/2026;https://contrataciondelestado.es/wps/poc?uri=deeplink:detalle_licitacion&idEvl=cTG6h7YvjEWKeVWTb9Scog%3D%3D;https://cirameva.com/sanidad/licitaciones/suministro-instalacion-y-mantenimiento-de-un-contador-hemato-ffbf37/
equipamiento médico;33172100;;Suministro, instalación y puesta en funcionamiento de 9 equipos de anestesia de altas prestaciones y de 9 monitores de paciente con destino al bloque quirúrgico, estructurado en dos lotes independientes, con destino al Hospital U. La Princesa;Hospital Universitario de La Princesa;;;Suministro;495000.0;495000.0;2026-10-21 23:59;['1', 'MON'];A/SUM-038732/2026;https://contratos-publicos.comunidad.madrid/contrato-publico/suministro-instalacion-puesta-funcionamiento-9-equipos-anestesia-altas;https://cirameva.com/sanidad/licitaciones/suministro-instalacion-y-puesta-en-funcionamiento-de-9-equip-7b2bb5/
productos de higiene y cuidado;33700000;;Suministro de material higiénico para las sedes y oficinas de Lanbide- Servicio Público Vasco de Empleo;LANBIDE, Servicio Vasco de Empleo-Director /a General de LANBIDE-Servicio Vasco de Empleo;;;Suministro;213600.0;44500.0;2026-10-22 11:00;['1', 'ANN'];LAN/S-03/2027;https://www.contratacion.euskadi.eus/webkpe00-kpeperfi/es/contenidos/anuncio_contratacion/expjaso744809/es_doc/index.html;https://cirameva.com/sanidad/licitaciones/suministro-de-material-higienico-para-las-sedes-y-oficinas-d-d86446/
odontología;85131000;;Servicio de atención médica especializada en odontología para los internos del Centro Penitenciario de Ocaña II.;Dirección del Centro Penitenciario Ocaña II;Toledo;Ocaña;Servicios;8300.0;8300.0;2026-10-22 12:00;;202600000030;https://contrataciondelestado.es/wps/poc?uri=deeplink:detalle_licitacion&idEvl=pj4u02dS4Kk%2B1TMyIiZmzw%3D%3D;https://cirameva.com/sanidad/licitaciones/servicio-de-atencion-medica-especializada-en-odontologia-par-a792bd/
equipamiento médico;33100000;;Suministro de una central de esterilización para el Hospital General de Requena.;Departamento de Salud de Requena. Dirección Económica-Gerencia;Valencia/València;Requena;Suministro;597784.0;597784.0;2026-10-22 19:00;['2', 'MON'];1213/2026;https://contrataciondelestado.es/wps/poc?uri=deeplink:detalle_licitacion&idEvl=0yuksMSgehoaF6cS8TCh%2FA%3D%3D;https://cirameva.com/sanidad/licitaciones/suministro-de-una-central-de-esterilizacion-para-el-hospital-62de25/
material sanitario;33141623;;Suministro de botiquines, reposiciones y elementos unitarios, con destino a las distintas delegaciones de Unión de Unión de Mutuas, MCSS nº 267, así como a sus empresas y profesionales asociados.;Dirección Gerencia de Unión de Mutuas, Mutua Colaboradora con la Seguridad Social Nº 267;España;Castellón;Suministro;898083.03;898083.03;2026-10-22 23:59;['38', 'MON'];77/2026;https://contrataciondelestado.es/wps/poc?uri=deeplink:detalle_licitacion&idEvl=XMRHLAEXHN%2Fua%2Fi14w%2FPLA%3D%3D;https://cirameva.com/sanidad/licitaciones/suministro-de-botiquines-reposiciones-y-elementos-unitarios-2a20a5/
servicio social;85312110;;Servicio de acogida temprana en CEIPs del Municipio de Granadilla de Abona;Junta de Gobierno Local del Ayuntamiento de Granadilla de Abona;Tenerife;Granadilla de Abona;Servicios;465234.39;465234.39;2026-10-22 23:59;;2026000063;https://contrataciondelestado.es/wps/poc?uri=deeplink:detalle_licitacion&idEvl=6FbTEKBmqhcUqXM96WStVA%3D%3D;https://cirameva.com/sanidad/licitaciones/servicio-de-acogida-temprana-en-ceips-del-municipio-de-grana-de1fe6/
servicio social;85312300;;Supervisió dels equips professionals del Departament de Benestar Social i Família del Tarragonès: Equip d’Atenció a la Infància i l’Adolescència (EAIA), el Servei d’Integració en Família Extensa (SIFE) i els Serveis d’Intervenció Socioeducativa (SIS) i Equips de Serveis Socials Bàsics (EBSS);Consell Comarcal del Tarragonès;;;Servicios;41760.0;17400.0;2026-10-22 23:59;;2026-0005002;https://contractaciopublica.cat/ca/detall-publicacio/6830c787-d409-4a64-bd99-3e84a4bc6a03/300898992;https://cirameva.com/sanidad/licitaciones/supervisio-dels-equips-professionals-del-departament-de-bene-0ec87c/
residencia o centro de día;85312000;;Prestación del servicio de ayuda domiciliaria, la prestación del servicio municipal de alojamiento para personas mayores del municipio de Legazpi y la prestación del servicio de atención diurna.;Ayuntamiento de Legazpi-Junta de Gobierno;;;Servicios;1010330.23;1010330.23;2026-10-23 13:00;['1', 'ANN'];991/2026;https://www.contratacion.euskadi.eus/webkpe00-kpeperfi/es/contenidos/anuncio_contratacion/expjaso743179/es_doc/index.html;https://cirameva.com/sanidad/licitaciones/prestacion-del-servicio-de-ayuda-domiciliaria-la-prestacion-dac556/
equipamiento médico;33111650;;SER-2026-0009: Suministro de equipos de mamografía digital para la diagnonse del cáncer de mama con destino a varios hospitales del Servicio Gallego de Salud;Consellería de Sanidade- SERGAS;;;Suministro;3146000.0;3146000.0;2026-10-23 14:00;;PcPG/2026/829209;https://www.contratosdegalicia.gal/licitacion?N=829209;https://cirameva.com/sanidad/licitaciones/ser-2026-0009-suministro-de-equipos-de-mamografia-digital-pa-af9abe/
material sanitario;33168000;;"SÍ-SER1-26-039. Él Suministro sucesivo de videobroncoscopios de un suelo uso y material fungible de ecobroncoscopia para las áreas sanitarias de A Coruña-Cee Santiago-Barbanza; FerrolLugo- A Mariña-MonforteVigo, Pontevedra-Salnés; Ourense-Verín-O Barco, de él Servicio Gallego de Salud";Consellería de Sanidade- SERGAS;;;Suministro;5753772.36;2578542.39;2026-10-23 14:00;;PcPG/2026/829204;https://www.contratosdegalicia.gal/licitacion?N=829204;https://cirameva.com/sanidad/licitaciones/si-ser1-26-039-el-suministro-sucesivo-de-videobroncoscopios-ee0db8/
material sanitario;33141000;;0000834/2026 contratación del suministro de tracto sucesivo y precios unitarios al amparo del art. 16.3.a) de la lcsp, de guantes estériles, para los centros vinculados a la central provincial de compras de huelva mediante acuerdo marco con varias empresas, por procedimiento abierto y presentación electrónica de ofertas.;Servicio Andaluz de Salud;;;Suministro;1866185.27;848266.03;2026-10-23 15:00;['24', 'MON'];CONTR 2026 0000311284;https://www.juntadeandalucia.es/haciendayadministracionpublica/apl/pdc_sirec/perfiles-licitaciones/detalle-licitacion.jsf?idExpediente=1008251;https://cirameva.com/sanidad/licitaciones/0000834-2026-contratacion-del-suministro-de-tracto-sucesivo-f13bb7/
equipamiento médico;33190000;;suministro de equipos médicos con destino al nuevo Centro de Salud de Sahagún;Gerencia de Atención Primaria de León;León;León;Suministro;94404.96;94404.96;2026-10-23 23:00;;2020017198;https://contrataciondelestado.es/wps/poc?uri=deeplink:detalle_licitacion&idEvl=jgo24NoAj5sQyBAnWzHfCg%3D%3D;https://cirameva.com/sanidad/licitaciones/suministro-de-equipos-medicos-con-destino-al-nuevo-centro-de-f2f883/
medicamentos y reactivos;33696500;;Suministro de reactivos de inmunoensayo quimioluminiscente para la realización de determinaciones y cesión de equipos;Centro de Transfusión;;;Suministro;8361839.2;1608046.0;2026-10-23 23:59;['12', 'MON'];A/SUM-029730/2026;https://contratos-publicos.comunidad.madrid/contrato-publico/suministro-reactivos-inmunoensayo-quimioluminiscente-realizacion-determinaciones-3;https://cirameva.com/sanidad/licitaciones/suministro-de-reactivos-de-inmunoensayo-quimioluminiscente-p-d32738/
equipamiento médico;33168000;;Suministro, instalación y puesta en funcionamiento de mesas, torres y microscopios quirúrgicos para la Fase III del Plan Director del Hospital Clínico San Carlos;Hospital Universitario Clínico San Carlos;;;Suministro;2330800.0;2330800.0;2026-10-23 23:59;['6', 'MON'];PA 2026-7-004 (A/SUM-014769/2026);https://contratos-publicos.comunidad.madrid/contrato-publico/suministro-instalacion-puesta-funcionamiento-mesas-torres-microscopios-quirurgicos;https://cirameva.com/sanidad/licitaciones/suministro-instalacion-y-puesta-en-funcionamiento-de-mesas-t-eb8de8/
medicamentos y reactivos;33696500;;Acuerdo Marco para el suministro de test diagnóstico rápido combinado detección antígeno sars-cov2-influenza A/B y adenovirus con destino a los centros dependientes de la Gerencia Asistencial de Atención Primaria del Servicio Madrileño de Salud;Gerencia Asistencial de Atención Primaria;;;Suministro;2059200.0;936000.0;2026-10-23 23:59;['24', 'MON'];A/SUM-032746/2026;https://contratos-publicos.comunidad.madrid/contrato-publico/acuerdo-marco-suministro-test-diagnostico-rapido-combinado-deteccion-antigeno-sars;https://cirameva.com/sanidad/licitaciones/acuerdo-marco-para-el-suministro-de-test-diagnostico-rapido-1f5867/
medicamentos y reactivos;33652000;;Adquisición del medicamento Infliximab;Hospital Universitario Infanta Leonor;;;Suministro;676395.74;307452.61;2026-10-23 23:59;['12', 'MON'];2026-0-041 (A/SUM-034723/2026);https://contratos-publicos.comunidad.madrid/contrato-publico/adquisicion-medicamento-infliximab;https://cirameva.com/sanidad/licitaciones/adquisicion-del-medicamento-infliximab-dde802/
servicio social;85312300;;Servicio de atención frente al racismo y la xenofobia en Navarra;la Directora General de Políticas Migratorias;;;Servicios;1328428.86;778289.38;2026-10-23 23:59;;8387_0005-CP01-2026-000183;https://hacienda.navarra.es/sicpportal/mtoAnunciosModalidad.aspx?cod=261001130358992DCB57;https://cirameva.com/sanidad/licitaciones/servicio-de-atencion-frente-al-racismo-y-la-xenofobia-en-nav-4ba2a9/
asistencia sanitaria;85111700;;Servicio de oxigenoterapia medicinal y otras terapias respiratorias domiciliarias para pacientes beneficiarios del Instituto Nacional de Gestión Sanitaria -INGESA- en el Área Sanitaria de Melilla.;Gerencia de Atención Sanitaria de Melilla - Instituto Nacional de Gestión Sanitaria;Melilla;Melilla;Servicios;5441943.96;878671.8;2026-10-25 23:59;['12', 'MON'];P.A. 2026-139-GME;https://contrataciondelestado.es/wps/poc?uri=deeplink:detalle_licitacion&idEvl=gJ88bCm2Yb0%2B1TMyIiZmzw%3D%3D;https://cirameva.com/sanidad/licitaciones/servicio-de-oxigenoterapia-medicinal-y-otras-terapias-respir-6c4485/
servicio social;85312400;;Organización, coordinación y ejecución integral del proyecto familiaK;Gobierno Vasco-Consejero/a de Bienestar, Juventud y Reto Demográfico;;;Servicios;3305785.12;1652892.56;2026-10-26 12:00;['24', 'MON'];C02/006/2026;https://www.contratacion.euskadi.eus/webkpe00-kpeperfi/es/contenidos/anuncio_contratacion/expjaso743111/es_doc/index.html;https://cirameva.com/sanidad/licitaciones/organizacion-coordinacion-y-ejecucion-integral-del-proyecto-7e8c29/
equipamiento médico;33182100;;Suministro de dispositivo implantable para terapia de resincronización cardíaca con desfibrilador, para el Servicio de Cardiología, sección electrofisiología del Hospital Universitario Miguel Servet.;Gerencia Sector Sanitario de Zaragoza 2;Zaragoza;Zaragoza;Suministro;293760.0;244800.0;2026-10-26 14:00;['12', 'MON'];SAS_Z2_2027_PA_83;https://contrataciondelestado.es/wps/poc?uri=deeplink:detalle_licitacion&idEvl=fqW1citO%2BRol5NjlNci%2BtA%3D%3D;https://cirameva.com/sanidad/licitaciones/suministro-de-dispositivo-implantable-para-terapia-de-resinc-998939/
material sanitario;33141000;;Material desechable para cirugía endoscópica y laparoscópica;Centro de Gestion Integrada y Proyectos Corporativos;Aragón;Zaragoza;Suministro;8318434.83;6932029.02;2026-10-26 14:00;['3', 'ANN'];SAS_CGIPC-2027-50004;https://contrataciondelestado.es/wps/poc?uri=deeplink:detalle_licitacion&idEvl=SfL8f1L92iXgL1BHd3qjQA%3D%3D;https://cirameva.com/sanidad/licitaciones/material-desechable-para-cirugia-endoscopica-y-laparoscopica-5c496c/
asistencia sanitaria;85120000;;Servicio de pruebas diagnósticas en centro ambulatorio a la población protegida de umivale Activa, MCSS nº 3 en (distribución por lotes) Forellac (Girona), Tortosa (Tarragona) y Yecla (Murcia);Gerencia umivale Activa, Mutua Colaboradora con la Seguridad Social número 3;;Madrid;Servicios;884892.96;474049.8;2026-10-26 14:00;['36', 'MON'];SER-26-0315-OSA;https://contrataciondelestado.es/wps/poc?uri=deeplink:detalle_licitacion&idEvl=eqChBcIFiFB9PLkba5eRog%3D%3D;https://cirameva.com/sanidad/licitaciones/servicio-de-pruebas-diagnosticas-en-centro-ambulatorio-a-la-2bd9f8/
salud mental;85121200;;Servei de realització de proves i emissió d’informes mèdics d’electromiografies per als pacients de la Corporació de Salut del Maresme i la Selva;Corporació de Salut del Maresme i la Selva;;;Servicios;498960.0;151200.0;2026-10-26 14:00;['2', 'ANN'];CSMS 13/26-S;https://contractaciopublica.cat/ca/detall-publicacio/ec66f36b-abd5-4b9b-80cf-4d5d99c545ff/300889091;https://cirameva.com/sanidad/licitaciones/servei-de-realitzacio-de-proves-i-emissio-dinformes-medics-d-61e3c8/
equipamiento médico;33184100;;SÍ-ASP1-26-024. Suministro sucesivo de sistemas de monitorización cardíaca implantable (HOLTER) y monitorización cardíaca externa prolongada tipo parche para las áreas sanitarias de él Servicio Gallego de Salud.;Consellería de Sanidade- SERGAS;;;Suministro;;2224508.0;2026-10-26 14:00;;PcPG/2026/829240;https://www.contratosdegalicia.gal/licitacion?N=829240;https://cirameva.com/sanidad/licitaciones/si-asp1-26-024-suministro-sucesivo-de-sistemas-de-monitoriza-ab780c/
medicamentos y reactivos;33696500;;SS-ASC1-26-041. Suministro sucesivo para la adquisición de los materiales necesarios para la realización de determinaciones de hemoglobina glicosilada;Consellería de Sanidade- SERGAS;;;Suministro;2542198.39;1647889.32;2026-10-26 14:00;;PcPG/2026/829199;https://www.contratosdegalicia.gal/licitacion?N=829199;https://cirameva.com/sanidad/licitaciones/ss-asc1-26-041-suministro-sucesivo-para-la-adquisicion-de-lo-788032/
equipamiento médico;33110000;;Suministro de un Sistema de Mesa Quirúrgica Desplazable con carro y accesorios para el Servicio de Cirugía Vascular de la OSI Ezkerraldea Enkarterri Cruces;OSAKIDETZA - Servicio Vasco de Salud -Director Gerente;;;Suministro;138600.0;138600.0;2026-10-26 14:30;['4', 'MON'];2026/01812;https://www.contratacion.euskadi.eus/webkpe00-kpeperfi/es/contenidos/anuncio_contratacion/exposakisap2026001812/es_doc/index.html;https://cirameva.com/sanidad/licitaciones/suministro-de-un-sistema-de-mesa-quirurgica-desplazable-con-fc45f1/
equipamiento médico;33110000;;Suministro de un Equipo de Función Pulmonar para el Servicio de Neumología de la OSI Ezkerraldea Enkarterri Cruces;OSAKIDETZA - Servicio Vasco de Salud -Director Gerente;;;Suministro;46000.0;46000.0;2026-10-26 14:30;['4', 'MON'];2026/01810;https://www.contratacion.euskadi.eus/webkpe00-kpeperfi/es/contenidos/anuncio_contratacion/exposakisap2026001810/es_doc/index.html;https://cirameva.com/sanidad/licitaciones/suministro-de-un-equipo-de-funcion-pulmonar-para-el-servicio-083b80/
material sanitario;33140000;;0000385/2026 suministro, de tracto sucesivo y precios unitarios, de material específico de quirófano (fungible para fragmentador-aspirador ultrasonico, grupo 01.11.06 del catalogo sas), con disponibilidad de uso de equipamiento necesario para la utilización del material con destino al hospital universitario reina sofia de córdoba. (paam 16/26);Servicio Andaluz de Salud;;;Suministro;1218784.16;553992.8;2026-10-26 15:00;['24', 'MON'];CONTR 2026 0000328537;https://www.juntadeandalucia.es/haciendayadministracionpublica/apl/pdc_sirec/perfiles-licitaciones/detalle-licitacion.jsf?idExpediente=1008516;https://cirameva.com/sanidad/licitaciones/0000385-2026-suministro-de-tracto-sucesivo-y-precios-unitari-59559d/
asistencia sanitaria;85100000;;concierto social servicio de atención infantil temprana en andalucía;Consejería de Sanidad, Presidencia y Emergencias Secretaría General Técnica de Sanidad y Consumo (En Transición);;;Administrativo especial;24516588.17;11271994.56;2026-10-26 17:59;['24', 'MON'];CONTR 2026 0000073827;https://www.juntadeandalucia.es/haciendayadministracionpublica/apl/pdc_sirec/perfiles-licitaciones/detalle-licitacion.jsf?idExpediente=1008939;https://cirameva.com/sanidad/licitaciones/concierto-social-servicio-de-atencion-infantil-temprana-en-a-9af5c0/
medicamentos y reactivos;33696500;;P.A. 2026-0-38. Suministro del material necesario para la realización de granulocitoaféresis y la cesión del equipamiento necesario para el Hospital Universitario La Paz;Hospital Universitario La Paz;;;Suministro;982800.0;234400.0;2026-10-26 18:00;['12', 'MON'];P.A. 2026-0-38;https://contratos-publicos.comunidad.madrid/contrato-publico/pa-2026-0-38-suministro-material-necesario-realizacion-granulocitoaferesis-cesion;https://cirameva.com/sanidad/licitaciones/p-a-2026-0-38-suministro-del-material-necesario-para-la-real-bf463c/
equipamiento médico;33140000;;Suministro de sensores de monitorización de la profundidad anestésica, para el Servicio de Anestesia y Reanimación del Hospital Universitario Ramón y Cajal;Hospital Universitario Ramón y Cajal;;;Suministro;930237.0;422835.0;2026-10-26 18:00;['24', 'MON'];2026000013;https://contratos-publicos.comunidad.madrid/contrato-publico/suministro-sensores-monitorizacion-profundidad-anestesica-servicio-anestesia-0;https://cirameva.com/sanidad/licitaciones/suministro-de-sensores-de-monitorizacion-de-la-profundidad-a-997740/
asistencia sanitaria;85100000;;Concierto del organismo autónomo Mutualidad General Judicial para el aseguramiento del acceso a la asistencia sanitaria en territorio nacional al colectivo protegido durante el año 2027;Mutualidad General Judicial MUGEJU;Madrid;Madrid;Concesión de servicios;88754290.08;88754290.08;2026-10-26 23:59;['1', 'ANN'];2026_CON_SAN;https://contrataciondelestado.es/wps/poc?uri=deeplink:detalle_licitacion&idEvl=MauFo4d%2BT043vLk2DU2Ddg%3D%3D;https://cirameva.com/sanidad/licitaciones/concierto-del-organismo-autonomo-mutualidad-general-judicial-9fafee/
asistencia sanitaria;85100000;;Concierto para el aseguramiento de la prestación de asistencia sanitaria en territorio nacional a los titulares y demás beneficiarios del ISFAS que opten por recibirla a través de entidades de seguro para 2027.;Instituto Social de las Fuerzas Armadas (ISFAS);Madrid;Madrid;Concesión de servicios;609361021.79;609361021.79;2026-10-26 23:59;;2026/IS092/00000259E;https://contrataciondelestado.es/wps/poc?uri=deeplink:detalle_licitacion&idEvl=V1JD6wQex2hVq4S9zvaQpQ%3D%3D;https://cirameva.com/sanidad/licitaciones/concierto-para-el-aseguramiento-de-la-prestacion-de-asistenc-6e50c6/
material sanitario;33100000;;Suministro, instalación y puesta en marcha de diverso equipamiento para diferentes Unidades de Salud Bucodental dependientes del Servicio Murciano de Salud;Servicio Murciano de Salud - Gerencia;Murcia;Espinardo;Suministro;363900.0;363900.0;2026-10-26 23:59;['6', 'MON'];CS/9999/1101230741/26/PA;https://contrataciondelestado.es/wps/poc?uri=deeplink:detalle_licitacion&idEvl=QBSxl%2FIDF8DLIx6q1oPaMg%3D%3D;https://cirameva.com/sanidad/licitaciones/suministro-instalacion-y-puesta-en-marcha-de-diverso-equipam-b4cc00/
medicamentos y reactivos;33696000;;Suministro de reactivos, material fungible y cesión de equipos necesarios para realizar el cribado neonatal de inmunodeficiencia combinada grave y atrofia muscular espinal en la Sección de Metabolopatias del Centro de Bioquímica y Genética Clínica;Servicio Murciano de Salud - Gerencia;Murcia;Espinardo;Suministro;703872.0;87360.0;2026-10-26 23:59;['7', 'MON'];CS/9999/1101194643/25/PA;https://contrataciondelestado.es/wps/poc?uri=deeplink:detalle_licitacion&idEvl=V8DhVqMXawN%2FP7lJ7Fu0SA%3D%3D;https://cirameva.com/sanidad/licitaciones/suministro-de-reactivos-material-fungible-y-cesion-de-equipo-4e0cea/
material sanitario;33192230;;Adquisición de mesas quirúrgicas convencionales para el Hospital Universitario Infanta Sofía;Hospital Universitario Infanta Sofía;;;Suministro;344000.0;344000.0;2026-10-26 23:59;['5', 'DAY'];A/SUM-039304/2026;https://contratos-publicos.comunidad.madrid/contrato-publico/adquisicion-mesas-quirurgicas-convencionales-hospital-universitario-infanta-sofia;https://cirameva.com/sanidad/licitaciones/adquisicion-de-mesas-quirurgicas-convencionales-para-el-hosp-ba03f1/
equipamiento médico;33172000;;Adquisición de equipos de anestesia de gama alta, gama media y monitores con destino al servicio de anestesia para el Hospital Universitario Infanta Sofia;Hospital Universitario Infanta Sofía;;;Suministro;615000.0;615000.0;2026-10-26 23:59;['5', 'DAY'];A/SUM-038438/2026;https://contratos-publicos.comunidad.madrid/contrato-publico/adquisicion-equipos-anestesia-gama-alta-gama-media-monitores-destino-servicio;https://cirameva.com/sanidad/licitaciones/adquisicion-de-equipos-de-anestesia-de-gama-alta-gama-media-af2567/
equipamiento médico;33140000;;Kits de bombas de insulina y monitorización continua de glucosa para el tratamiento de pacientes con diabetes para Hospital Universitario Infanta Sofia;Hospital Universitario Infanta Sofía;;;Suministro;363000.0;363000.0;2026-10-26 23:59;['12', 'MON'];A/SUM-036894/2026;https://contratos-publicos.comunidad.madrid/contrato-publico/kits-bombas-insulina-monitorizacion-continua-glucosa-tratamiento-pacientes;https://cirameva.com/sanidad/licitaciones/kits-de-bombas-de-insulina-y-monitorizacion-continua-de-gluc-f61467/
ayuda a domicilio;85320000;;1.El objeto de este contrato es la prestación del servicio de ayuda a domicilio en varios municipios de la comarca del Vallès Oriental. 2.El servicio de ayuda a domicilio objeto del contrato comprende la prestación de los servicios básicos y complementarios que se detallan a continuación en la definición que prevén las cláusulas 1, 2 y 3 el Pliegue de prescripciones técnicas: a)Servicio de cura de la persona y del hogar b)Servicio de limpieza del hogar c)servicio de baño adaptado d)Servicio de lavandería externa e)Catering a domicilio 3.Juntos, es objeto del contrato el desarrollo y la innovación de los modelos y las formas de intervención social y de cura a las personas beneficiarias para hacer efectiva sus autonomía e independencia, de presente y de futuro, en su domicilio y su entorno vital, usando los recursos que el estado de la técnica y de la tecnología ofrece y centrando el servicios en la cura a la persona con un enfoque multidisciplinario.;Consell Comarcal del Vallès Oriental;;;Servicios;17528704.55;6859855.93;2026-10-26 23:59;;2026-32-S X2026013210;https://contractaciopublica.cat/ca/detall-publicacio/24f6b32a-52de-45ba-9f49-f966589de0e7/300889378;https://cirameva.com/sanidad/licitaciones/1-el-objeto-de-este-contrato-es-la-prestacion-del-servicio-d-1e281a/
medicamentos y reactivos;33600000;;Suministro ENOXAPARINA jeringas precargadas, para el Servicio de Farmacia del Hospital Clinico San Carlos;Hospital Universitario Clínico San Carlos;;;Suministro;334358.4;104487.0;2026-10-26 23:59;['12', 'MON'];AMPA 2025-0-605 (A/SUM-042390/2026);https://contratos-publicos.comunidad.madrid/contrato-publico/suministro-enoxaparina-jeringas-precargadas-servicio-farmacia-hospital-clinico-san;https://cirameva.com/sanidad/licitaciones/suministro-enoxaparina-jeringas-precargadas-para-el-servicio-62c1ba/
servicio social;85310000;;Servicio de punto de encuentro familiar por derivación judicial (P.E.F.);Ayuntamiento de Barakaldo-Alcalde;;;Servicios;767999.52;191999.88;2026-10-27 13:00;['1', 'ANN'];CD102612.004;https://www.contratacion.euskadi.eus/webkpe00-kpeperfi/es/contenidos/anuncio_contratacion/expjaso743856/es_doc/index.html;https://cirameva.com/sanidad/licitaciones/servicio-de-punto-de-encuentro-familiar-por-derivacion-judic-aa5abd/
material sanitario;33168000;;SÍ-ASS1-26-065. Suministro sucesivo de material quirúrgico desechable necesario para la realización de laparoscopia y cirugía abierta con puesta la disposición de equipamiento y torres de laparoscopia con destino a las áreas sanitarias de él Servicio Gallego de Salud.;Consellería de Sanidade- SERGAS;;;Suministro;59457783.74;26617420.17;2026-10-27 14:00;;PcPG/2026/829283;https://www.contratosdegalicia.gal/licitacion?N=829283;https://cirameva.com/sanidad/licitaciones/si-ass1-26-065-suministro-sucesivo-de-material-quirurgico-de-0c687a/
productos de higiene y cuidado;33192400;;Suministro e instalación del aula taller de FP de Higiene Bucodental en el IES Almina de Ceuta;Gerencia de Infraestructuras y Equipamientos de Cultura O.A;Ciudad de Ceuta;Ceuta;Suministro;139799.0;139799.0;2026-10-27 15:00;['1', 'MON'];26/250 SU;https://contrataciondelestado.es/wps/poc?uri=deeplink:detalle_licitacion&idEvl=N0%2BdDyTz5Olt5r0ngvMetA%3D%3D;https://cirameva.com/sanidad/licitaciones/suministro-e-instalacion-del-aula-taller-de-fp-de-higiene-bu-1fc6fb/
equipamiento médico;33194210;;696/2026 acuerdo marco con una única empresa por el que se fijan las condiciones para el suministro de productos y equipos necesarios para la donación mediante plasmaféresis y cesión del equipamiento necesario, y su mantenimientoasí como la formación del personal , para la realización de estas técnicas, con destino a los centros de transfusión, tejidos y células pertenecientes a la red andaluza de medicina transfusional, tejidos y células;Servicio Andaluz de Salud;;;Suministro;4224000.0;1920000.0;2026-10-27 15:00;['24', 'MON'];CONTR 2026 0000329439;https://www.juntadeandalucia.es/haciendayadministracionpublica/apl/pdc_sirec/perfiles-licitaciones/detalle-licitacion.jsf?idExpediente=1008758;https://cirameva.com/sanidad/licitaciones/696-2026-acuerdo-marco-con-una-unica-empresa-por-el-que-se-f-92e9bc/
material sanitario;33112000;;Suministro, instalación y puesta en funcionamiento de equipamiento para el Servicio de Rehabilitación del Hospital Universitario 12 de Octubre, en el marco de la ejecución progresiva de la dotación del servicio;Hospital Universitario 12 de Octubre;;;Suministro;65230.0;65230.0;2026-10-27 18:00;['1', 'MON'];2026-0-54;https://contratos-publicos.comunidad.madrid/contrato-publico/suministro-instalacion-puesta-funcionamiento-equipamiento-servicio-rehabilitacion;https://cirameva.com/sanidad/licitaciones/suministro-instalacion-y-puesta-en-funcionamiento-de-equipam-6cccff/
prevención de riesgos laborales;85140000;;Contrato de servicio de prevención ajeno de riesgos laborales y vigilancia de la salud;Alcaldia del Ayuntamiento de Benifairó de la Valldigna;Valencia/València;Benifairó de la Valldigna;Servicios;19200.0;15867.77;2026-10-28 14:00;['2', 'ANN'];385/2026;https://contrataciondelestado.es/wps/poc?uri=deeplink:detalle_licitacion&idEvl=gV01ZW1NW9rgL1BHd3qjQA%3D%3D;https://cirameva.com/sanidad/licitaciones/contrato-de-servicio-de-prevencion-ajeno-de-riesgos-laborale-6f5f4c/
servicio veterinario;85200000;;Contratación del servicio de recogida de perros abandonados en distintas localidades de la provincia de Burgos;Junta de Gobierno de la Diputación Provincial de Burgos;Burgos;Burgos;Servicios;218181.81;99173.55;2026-10-28 23:59;['2', 'ANN'];18E_26;https://contrataciondelestado.es/wps/poc?uri=deeplink:detalle_licitacion&idEvl=iwU%2BRD%2FDpxdxseVhcqrkhw%3D%3D;https://cirameva.com/sanidad/licitaciones/contratacion-del-servicio-de-recogida-de-perros-abandonados-28c1ba/
material sanitario;33140000;;AM APRO 88/2027: Suministro de material punción de anestesia con destino a los centros del Servicio Navarro de Salud-Osasunbidea;Director Gerente del Servicio Navarro de Salud-Osasunbidea;;;Suministro;2149800.0;358300.0;2026-10-28 23:59;['12', 'MON'];3184_AM APRO 88/2027;https://hacienda.navarra.es/sicpportal/mtoAnunciosModalidad.aspx?cod=26092810282181584CBE;https://cirameva.com/sanidad/licitaciones/am-apro-88-2027-suministro-de-material-puncion-de-anestesia-bdacad/
medicamentos y reactivos;33600000;;Fármacos (en 16 lotes);Gerencia Sector Sanitario de Zaragoza 3;Zaragoza;Zaragoza;Suministro;832523.55;346884.82;2026-10-29 12:00;;SAS_Z3_2027_PA_070;https://contrataciondelestado.es/wps/poc?uri=deeplink:detalle_licitacion&idEvl=XopZ8i6eVww%2B1TMyIiZmzw%3D%3D;https://cirameva.com/sanidad/licitaciones/farmacos-en-16-lotes-486fac/
fisioterapia y rehabilitación;85100000;;Contratación del servicio de asistencia sanitaria ambulatoria -tratamiento inicial y sucesivo con servicio de Fisioterapia hasta remisión a los servicios médicos propios de la Mutua- en las Comunidades Autónomas de Andalucía y Castilla y León para FREMAP, Mutua Colaboradora con la Seguridad Social nº 61;Director Gerente de FREMAP;ESPAÑA;ESPAÑA;Servicios;792302.56;424447.8;2026-10-29 14:00;['36', 'MON'];LICT/99/139/2025/0216;https://contrataciondelestado.es/wps/poc?uri=deeplink:detalle_licitacion&idEvl=bKvz8D%2BU4nf10HRJw8TEnQ%3D%3D;https://cirameva.com/sanidad/licitaciones/contratacion-del-servicio-de-asistencia-sanitaria-ambulatori-fb64c3/
asistencia sanitaria;85141000;;Contratación del servicio para la valoración de secuelas con elaboración de informes periciales generales en procedimientos judiciales de prestaciones en que FREMAP, Mutua Colaboradora con la Seguridad Social nº61 sea parte, en La Rioja y Las Palmas (excepto Lanzarote y Fuerteventura).;Director Gerente de FREMAP;ESPAÑA;ESPAÑA;Servicios;221688.43;118761.66;2026-10-29 14:00;['36', 'MON'];LICT/99/161/2026/0057;https://contrataciondelestado.es/wps/poc?uri=deeplink:detalle_licitacion&idEvl=Y7YbEfwIDpp6nTs9LZ9RhQ%3D%3D;https://cirameva.com/sanidad/licitaciones/contratacion-del-servicio-para-la-valoracion-de-secuelas-con-23fc13/
fisioterapia y rehabilitación;85142300;;Servicio de mantenimiento de contenedores higiénicos para aseos de señoras, contenedores de agujas y jeringuillas, bacteriostáticos en el aseo de caballeros, ambientadores, higienizadores de asiento WC señoras y alfombrillas anti-suciedad del Ayuntamiento de Guadalajara.;Alcaldía del Ayuntamiento de Guadalajara;Guadalajara;Guadalajara;Servicios;295680.0;66971.52;2026-10-29 23:59;['1', 'ANN'];CON-4729;https://contrataciondelestado.es/wps/poc?uri=deeplink:detalle_licitacion&idEvl=lDnxudxLO8%2F%2Fa9DgO%2BoYKQ%3D%3D;https://cirameva.com/sanidad/licitaciones/servicio-de-mantenimiento-de-contenedores-higienicos-para-as-053ead/
servicio social;85300000;;Servicio de centro de atención especializada para mujeres víctimas de violencia sexual y servicio foral de coordinación a urgencias sociales.;Diputación Foral de Gipuzkoa-Consejo de Gobierno Foral;;;Servicios;3518332.9;1759166.45;2026-10-30 14:00;['1', 'ANN'];2026/65;https://www.contratacion.euskadi.eus/webkpe00-kpeperfi/es/contenidos/anuncio_contratacion/expjaso744263/es_doc/index.html;https://cirameva.com/sanidad/licitaciones/servicio-de-centro-de-atencion-especializada-para-mujeres-vi-55d2e9/
material sanitario;33111720;;Suministro, instalación y puesta en funcionamiento de un Quirófano Híbrido para el Área Quirúrgica del Hospital Universitari de Vic del Consorci Hospitalari de Vic (CHV).;Consorci Hospitalari de Vic;;;Suministro;1200000.0;1200000.0;2026-10-30 14:00;['3', 'MON'];C6103-02-2026-040;https://contractaciopublica.cat/ca/detall-publicacio/ddbc5da7-5911-4600-a896-37ea3e41d079/300891846;https://cirameva.com/sanidad/licitaciones/suministro-instalacion-y-puesta-en-funcionamiento-de-un-quir-06cabf/
prevención de riesgos laborales;85147000;;Servicio de prevención ajeno, por lotes;Rectorado de la Universidad Nacional de Educación a Distancia;Extra-Regio NUTS 3;Madrid;Servicios;1513679.45;596313.38;2026-10-30 23:59;['2', 'ANN'];A 20/2026;https://contrataciondelestado.es/wps/poc?uri=deeplink:detalle_licitacion&idEvl=6CtKqqcfIcwl5NjlNci%2BtA%3D%3D;https://cirameva.com/sanidad/licitaciones/servicio-de-prevencion-ajeno-por-lotes-5307a1/
equipamiento médico;33140000;;Contrato de suministro de material fungible para cirugía de catarata y vitrectomía y otras técnicas con puesta a disposición de equipos para el Servicio de Oftalmología del Consorcio Hospital General Universitario de Valencia.;Consorcio Hospital General Universitario de Valencia;Valencia/València;Valencia;Suministro;4214746.1;3067500.8;2026-10-30 23:59;['48', 'MON'];CMAYOR/2026/HGUV0/1860/L03;https://contrataciondelestado.es/wps/poc?uri=deeplink:detalle_licitacion&idEvl=MWrpZUFr5izgL1BHd3qjQA%3D%3D;https://cirameva.com/sanidad/licitaciones/contrato-de-suministro-de-material-fungible-para-cirugia-de-10f97d/
material sanitario;33190000;;Acuerdo Marco para el suministro de intrumental sanitario con destino a los Centros Sanitarios dependientes de la Gerencia Asistencial de Atención Primaria del Servicio Madrileño de Salud;Gerencia Asistencial de Atención Primaria;;;Suministro;450380.08;204718.22;2026-10-30 23:59;['24', 'MON'];A/SUM-029955/2026;https://contratos-publicos.comunidad.madrid/contrato-publico/acuerdo-marco-suministro-intrumental-sanitario-destino-centros-sanitarios;https://cirameva.com/sanidad/licitaciones/acuerdo-marco-para-el-suministro-de-intrumental-sanitario-co-a445e5/
material sanitario;33140000;;subministrament de material per a l'ablació de fibril·lació auricular paroxística, amb destí a la fundació de gestió sanitària de l'hospital de la santa creu i sant pau;Fundació de Gestió Sanitària de l'Hospital de la Santa Creu i Sant Pau;;;Suministro;1521000.0;585000.0;2026-10-30 23:59;['2', 'ANN'];FGS-2026-23;https://contractaciopublica.cat/ca/detall-publicacio/4a1f14f9-279b-4c33-9f1c-3e2c4c1166bb/300893880;https://cirameva.com/sanidad/licitaciones/subministrament-de-material-per-a-l-ablacio-de-fibrillacio-a-155cff/
residencia o centro de día;85312100;;Gestión del centro de atención a personas mayores en situación de dependencia (residencia y centro de atención diurna) y pisos tutelados de Usera.;Consejería de Familia, Juventud y Asuntos Sociales;;;Servicios;25490318.83;11586508.56;2026-10-30 23:59;['2', 'ANN'];A/SER-036507/2026;https://contratos-publicos.comunidad.madrid/contrato-publico/gestion-centro-atencion-personas-mayores-situacion-dependencia-residencia-centro-3;https://cirameva.com/sanidad/licitaciones/gestion-del-centro-de-atencion-a-personas-mayores-en-situaci-e06392/
atención a menores;85311300;;Servei d’intervenció socioeducativa itinerant per a infants i adolescents dins del servei d’atenció social de l’ABSS del Consell Comarcal del Vallès Occidental.;Consell Comarcal del Vallès Occidental;;;Otro;1751356.85;765202.11;2026-11-02 12:00;['2', 'ANN'];1191/2026;https://contractaciopublica.cat/ca/detall-publicacio/67774f8e-7137-46a5-8707-5f4a3a07db0c/300896750;https://cirameva.com/sanidad/licitaciones/servei-dintervencio-socioeducativa-itinerant-per-a-infants-i-2adea8/
fisioterapia y rehabilitación;85121220;;Contratación del servicio de rehabilitación especializada de tipo hospitalario en Barcelona.;Mutua Universal Mugenat, Mutua Colaboradora con la Seguridad Social nº 10;Barcelona;Barcelona;Servicios;2779224.0;661720.0;2026-11-02 14:00;['12', 'MON'];029-2026-0028;https://contrataciondelestado.es/wps/poc?uri=deeplink:detalle_licitacion&idEvl=1drypB7lL3mAAM7L03kM8A%3D%3D;https://cirameva.com/sanidad/licitaciones/contratacion-del-servicio-de-rehabilitacion-especializada-de-2663f1/
productos de higiene y cuidado;33700000;;Contrato mixto de suministro de material de higiene y mantenimiento de unidades femeninas, bacteriostáticos, ambientadores y alfombras para Asepeyo;Subdirección General Económica de ASEPEYO. Mutua Colaboradora con la Seguridad Social. num. 151;Extra-Regio NUTS 3;Nacional;Suministro;741745.4;337157.0;2026-11-02 14:00;['12', 'MON'];CP00100/2026;https://contrataciondelestado.es/wps/poc?uri=deeplink:detalle_licitacion&idEvl=%2Fcr1Ga3%2By7H%2Fa9DgO%2BoYKQ%3D%3D;https://cirameva.com/sanidad/licitaciones/contrato-mixto-de-suministro-de-material-de-higiene-y-manten-763926/
material sanitario;33155000;;CS/CC00/1101482796/27/AMUP: acuerdo marco para el suministro agregado de material de fisioterapia y rehabilitación (complementario) para los centros del Institut Català de la Salut i centres adherits: Salut Sant Joan de Reus-Baix Camp, Gestió de Serveis Sanitaris, Consorci Sanitari Alt Penedès-Garraf, Hospital de Cerdanya – AECT Agrupació Europea de Cooperació Territorial, Institut de Diagnòstic per la Imatge y Salut Catalunya Central - Hospital de Berga;ICS - Gerència de compres;;;Suministro;515402.55;224088.07;2026-11-02 14:00;['20', 'MON'];ICSCC00-2027-9;https://contractaciopublica.cat/ca/detall-publicacio/079f7435-03f9-4c77-a4cd-bfc53cc16e2a/300896977;https://cirameva.com/sanidad/licitaciones/cs-cc00-1101482796-27-amup-acuerdo-marco-para-el-suministro-2ed658/
servicio veterinario;85200000;;Servicio veterinario para la ejecución de los programas oficiales de vigilancia, control y erradicación de las enfermedades de los animales en la Comunidad Autónoma de La Rioja. Campaña 2027.;Dirección General de Agricultura y Ganadería, Consejería de Agricultura, Ganadería, Mundo Rural y Medio Ambiente;;;Servicios;263570.0;263570.0;2026-11-02 14:00;['12', 'MON'];05-7-2.01-0064/2026;https://www.larioja.org/contratacion-publica/es/licitaciones/consulta-expedientes?homepage=?p_colateral%3D05-7-2.01-0064%2F2026%26p_dia_ini%3D02%26p_mes_ini%3D10%26p_ano_ini%3D2026%26p_dia_fin%3D02%26p_mes_fin%3D10%26p_ano_fin%3D2026%26p_todas%3DN;https://cirameva.com/sanidad/licitaciones/servicio-veterinario-para-la-ejecucion-de-los-programas-ofic-3878e8/
residencia o centro de día;85311000;;Servicio de 6 plazas de Atención residencial para personas con dependencia y discapacidad con parálisis cerebral y afines, en una vivienda especializada en Logroño, dentro del sistema Riojano para la autonomía personal y la dependencia del Gobierno de La Rioja;Dirección General de Servicios Sociales e Instituto de Igualdad, Consejería de Salud y Políticas Sociales;;;Servicios;1057079.94;330054.9;2026-11-02 14:00;['12', 'MON'];06-7-2.01-0089/2026;https://www.larioja.org/contratacion-publica/es/licitaciones/consulta-expedientes?homepage=?p_colateral%3D06-7-2.01-0089%2F2026%26p_dia_ini%3D01%26p_mes_ini%3D10%26p_ano_ini%3D2026%26p_dia_fin%3D01%26p_mes_fin%3D10%26p_ano_fin%3D2026%26p_todas%3DN;https://cirameva.com/sanidad/licitaciones/servicio-de-6-plazas-de-atencion-residencial-para-personas-c-d0cb3d/
servicio social;85312000;;Servicio de Ayuda en el Hogar;Junta de Gobierno Local del Ayuntamiento de Brión;A Coruña;Brión;Servicios;1986144.32;1168320.0;2026-11-02 23:59;['2', 'ANN'];BR20260024;https://contrataciondelestado.es/wps/poc?uri=deeplink:detalle_licitacion&idEvl=G2gExq1VJyCdkQsA7ROvsg%3D%3D;https://cirameva.com/sanidad/licitaciones/servicio-de-ayuda-en-el-hogar-c6af52/
material sanitario;33000000;;Suministro e instalación de equipos de la dotación sanitaria para los centros sanitarios de MC MUTUAL;Dirección General de la Mutual Midat Cyclops, Mutua Colaboradora con la Seguridad Social, nº 1;Barcelona;Barcelona;Suministro;1306936.2;1089113.5;2026-11-02 23:59;['2', 'ANN'];N202600421;https://contrataciondelestado.es/wps/poc?uri=deeplink:detalle_licitacion&idEvl=CD61L%2FJN0G4%2Bk2oCbDosIw%3D%3D;https://cirameva.com/sanidad/licitaciones/suministro-e-instalacion-de-equipos-de-la-dotacion-sanitaria-76d656/
asistencia sanitaria;85110000;;AM PA SER 27/2026. Acuerdo Marco para la prestación del servicio de tratamiento de Protonterapia para los pacientes a los que la Consejería de Sanidad de la Comunidad de Madrid tenga el deber de prestar asistencia sanitaria.;Agencia de Contratación Sanitaria de la Comunidad de Madrid;;;Servicios;9390400.0;2934500.0;2026-11-02 23:59;['12', 'MON'];AM PA SER 27/2026 􀍴 A/SER-024389/2026;https://contratos-publicos.comunidad.madrid/contrato-publico/am-pa-ser-272026-acuerdo-marco-prestacion-servicio-tratamiento-protonterapia;https://cirameva.com/sanidad/licitaciones/am-pa-ser-27-2026-acuerdo-marco-para-la-prestacion-del-servi-edeff9/
material sanitario;33141110;;AM PA SUM 37-2026. Acuerdo Marco para el suministro de productos sanitarios para la prevención y el tratamiento de lesiones cutáneas relacionadas con la dependencia y otras lesiones crónicas complejas para todos los centros sanitarios dependientes del Servicio Madrileño de Salud.;Agencia de Contratación Sanitaria de la Comunidad de Madrid;;;Suministro;16796062.5;3999062.5;2026-11-02 23:59;['12', 'MON'];AM PA SUM 37/2026 (A/SUM-030391/2026);https://contratos-publicos.comunidad.madrid/contrato-publico/am-pa-sum-37-2026-acuerdo-marco-suministro-productos-sanitarios-prevencion;https://cirameva.com/sanidad/licitaciones/am-pa-sum-37-2026-acuerdo-marco-para-el-suministro-de-produc-4556a2/
servicio social;85311300;;Servicio de intervención socioeducativa de Castellbisbal;Ajuntament de Castellbisbal;;;Servicios;752852.54;313688.56;2026-11-02 23:59;['2', 'ANN'];2026/12/TAD;https://contractaciopublica.cat/ca/detall-publicacio/127fa020-5baf-4362-99d8-358086bc8509/300895660;https://cirameva.com/sanidad/licitaciones/servicio-de-intervencion-socioeducativa-de-castellbisbal-682eeb/
equipamiento médico;33110000;;Suministro de un Desfibrilador para la Unidad de Rehabilitación Cardiaca Infantil de la Organización Sanitaria Integrada Ezkerraldea Enkarterri Cruces;OSAKIDETZA - Servicio Vasco de Salud -Director Gerente;;;Suministro;20000.0;20000.0;2026-11-03 08:30;['3', 'MON'];2026/01907;https://www.contratacion.euskadi.eus/webkpe00-kpeperfi/es/contenidos/anuncio_contratacion/exposakisap2026001907/es_doc/index.html;https://cirameva.com/sanidad/licitaciones/suministro-de-un-desfibrilador-para-la-unidad-de-rehabilitac-be9e70/
material sanitario;33140000;;Suministro de filtros de ultracentrífuga para purificación de ADN en la investigación genética en los Departamentos y Delegación del Instituto Nacional de Toxicología y Ciencias Forenses;Junta de Contratación de la Secretaría de Estado de Justicia;España;Madrid;Suministro;374962.37;170437.44;2026-11-03 14:00;['24', 'MON'];ASU/2026/085;https://contrataciondelestado.es/wps/poc?uri=deeplink:detalle_licitacion&idEvl=TvP%2Bh1KLNKI%2Bk2oCbDosIw%3D%3D;https://cirameva.com/sanidad/licitaciones/suministro-de-filtros-de-ultracentrifuga-para-purificacion-d-b78d5e/
material sanitario;33140000;;Suministro de Viscoelástico para el Servicio de Cirugía Oftálmica de la Organización Sanitaria Integrada Ezkerraldea Enkarterri Cruces;OSAKIDETZA - Servicio Vasco de Salud -Director Gerente;;;Suministro;995767.08;533446.65;2026-11-03 14:30;['3', 'ANN'];2026/01820;https://www.contratacion.euskadi.eus/webkpe00-kpeperfi/es/contenidos/anuncio_contratacion/exposakisap2026001820/es_doc/index.html;https://cirameva.com/sanidad/licitaciones/suministro-de-viscoelastico-para-el-servicio-de-cirugia-ofta-118912/
material sanitario;33140000;;Suministro de Material para Consola Motor Nariz y Consola Motor Oído para el Servicio de Otorrinolaringología de la Organización Sanitaria Integrada Ezkerraldea Enkarterri Cruces;OSAKIDETZA - Servicio Vasco de Salud -Director Gerente;;;Suministro;879033.96;470911.05;2026-11-03 14:30;['3', 'ANN'];2026/01508;https://www.contratacion.euskadi.eus/webkpe00-kpeperfi/es/contenidos/anuncio_contratacion/exposakisap2026001508/es_doc/index.html;https://cirameva.com/sanidad/licitaciones/suministro-de-material-para-consola-motor-nariz-y-consola-mo-5e82d7/
material sanitario;33140000;;Suministro de Material para el Servicio de Neurofisiología de la OSI Ezkerraldea Enkarterri Cruces;OSAKIDETZA - Servicio Vasco de Salud -Director Gerente;;;Suministro;2441257.62;1307816.58;2026-11-03 14:30;['3', 'ANN'];2026/01851;https://www.contratacion.euskadi.eus/webkpe00-kpeperfi/es/contenidos/anuncio_contratacion/exposakisap2026001851/es_doc/index.html;https://cirameva.com/sanidad/licitaciones/suministro-de-material-para-el-servicio-de-neurofisiologia-d-43c7e9/
prótesis e implantes;33184100;;Suministro de Válvulas de derivación para Hidrocefalia y Drenajes el Servicio de Neurocirugía delHospital Universitario 12 de Octubre;Hospital Universitario 12 de Octubre;;;Suministro;2063133.33;335206.18;2026-11-03 18:00;['12', 'MON'];2026-0-28;https://contratos-publicos.comunidad.madrid/contrato-publico/suministro-valvulas-derivacion-hidrocefalia-drenajes-servicio-neurocirugia-1;https://cirameva.com/sanidad/licitaciones/suministro-de-valvulas-de-derivacion-para-hidrocefalia-y-dre-f2cd7d/
equipamiento médico;33182100;;Contrato mixto de suministro e instalación en espacios públicos de la ciudad de Madrid de columnas/tótems equipadas con desfibriladores semiautomáticos (DESAS), y su mantenimiento integral;Área de Gobierno de Vicealcaldía, Portavoz, Seguridad y Emergencias del Ayuntamiento de Madrid;Madrid;Madrid;Suministro;234829.59;234829.59;2026-11-03 23:59;['48', 'MON'];300/2026/00251;https://contrataciondelestado.es/wps/poc?uri=deeplink:detalle_licitacion&idEvl=QpenhCPuiyUadbH3CysQuQ%3D%3D;https://cirameva.com/sanidad/licitaciones/contrato-mixto-de-suministro-e-instalacion-en-espacios-publi-aa3c8a/
material sanitario;33141000;;Suministro de mantas de hipotermia desechables, con Cesión de calefactores, destinadas a los distintos hospitales Del servicio extremeño de salud;Dirección General de Planificación Económica;Extremadura;Mérida;Suministro;587980.59;314989.6;2026-11-03 23:59;['36', 'MON'];CS/99/1126044842/26/PA;https://contrataciondelestado.es/wps/poc?uri=deeplink:detalle_licitacion&idEvl=4EzQOURaIdCP%2Bo96UAV7cQ%3D%3D;https://cirameva.com/sanidad/licitaciones/suministro-de-mantas-de-hipotermia-desechables-con-cesion-de-72bca0/
equipamiento médico;33140000;;Adquisición de sistemas de administración de insulina con monitorización continua de niveles de glucemia en tiempo real para el Hospital Universitario Infanta Leonor (4 lotes).;Hospital Universitario Infanta Leonor;;;Suministro;4419992.0;883998.4;2026-11-03 23:59;['12', 'MON'];2026-0-020 (A/SUM-024767/2026);https://contratos-publicos.comunidad.madrid/contrato-publico/adquisicion-sistemas-administracion-insulina-monitorizacion-continua-niveles;https://cirameva.com/sanidad/licitaciones/adquisicion-de-sistemas-de-administracion-de-insulina-con-mo-7c2839/
material sanitario;33141613;;Material para extracción de unidades de sangre total;Entidad Pública del Banco de Sangre y Tejidos de Aragón;Zaragoza;Zaragoza;Suministro;5332625.0;3199575.0;2026-11-04 23:59;['3', 'ANN'];BSTA-2027-00004;https://contrataciondelestado.es/wps/poc?uri=deeplink:detalle_licitacion&idEvl=bOkWjA1sKdgtm4eBPtV6eQ%3D%3D;https://cirameva.com/sanidad/licitaciones/material-para-extraccion-de-unidades-de-sangre-total-c17f08/
ayuda a domicilio;85312000;;Prestación del Servicio de Ayuda a Domicilio en el término municipal de Dehesas Viejas, de la Ley de Dependencia y Prestación Básica. Servicio que presta el Ayuntamiento de Dehesas Viejas, en virtud del Convenio suscrito con la Diputación de Granada.;Pleno del Ayuntamiento de Dehesas Viejas;Granada;Dehesas Viejas;Servicios;1011205.57;1011205.57;2026-11-05 14:00;['5', 'ANN'];124/2026;https://contrataciondelestado.es/wps/poc?uri=deeplink:detalle_licitacion&idEvl=d60uBgZVBfiTylGzYmBF9Q%3D%3D;https://cirameva.com/sanidad/licitaciones/prestacion-del-servicio-de-ayuda-a-domicilio-en-el-termino-m-8bd192/
asistencia sanitaria;85100000;;Contratación del servicio de asistencia sanitaria especializada en los Hospitales de FREMAP de Vigo y Sevilla para FREMAP, Mutua Colaboradora con la Seguridad Social nº 61;Director Gerente de FREMAP;ESPAÑA;ESPAÑA;Servicios;1194122.17;653347.79;2026-11-05 14:00;['36', 'MON'];LICT/99/139/2025/0242;https://contrataciondelestado.es/wps/poc?uri=deeplink:detalle_licitacion&idEvl=q9x3XOlyqGc%2Bk2oCbDosIw%3D%3D;https://cirameva.com/sanidad/licitaciones/contratacion-del-servicio-de-asistencia-sanitaria-especializ-303d58/
asistencia sanitaria;85100000;;Contratación del servicio de Diagnóstico por la Imagen en las Comunidades Autónomas de Castilla y León, Galicia, las Islas Canarias y Baleares para FREMAP, Mutua Colaboradora con la Seguridad Social nº 61;Director Gerente de FREMAP;ESPAÑA;España;Servicios;926661.85;496425.99;2026-11-05 14:00;['36', 'MON'];LICT/99/139/2026/0040;https://contrataciondelestado.es/wps/poc?uri=deeplink:detalle_licitacion&idEvl=m33aW2XmQs%2F9pbnDwlaUlg%3D%3D;https://cirameva.com/sanidad/licitaciones/contratacion-del-servicio-de-diagnostico-por-la-imagen-en-la-006bed/
asistencia sanitaria;85100000;;Contratación del servicio de asistencia sanitaria especializada en la Comunidad Autónoma de Cataluña para FREMAP, Mutua Colaboradora con la Seguridad Social nº 61;Director Gerente de FREMAP;ESPAÑA;España;Servicios;5987235.52;3207447.6;2026-11-05 14:00;['36', 'MON'];LICT/99/139/2026/0010;https://contrataciondelestado.es/wps/poc?uri=deeplink:detalle_licitacion&idEvl=bxVGJZ7GsxjkY6rls5tG9A%3D%3D;https://cirameva.com/sanidad/licitaciones/contratacion-del-servicio-de-asistencia-sanitaria-especializ-26bb5f/
prótesis e implantes;33184100;;Contratación del suministro de material de estimulación medular espinal para el HFMH.;Gerencia de Fraternidad Muprespa - Mútua Colaboradora con la Seguridad Social nº 275;Madrid;Madrid;Suministro;318597.0;187410.0;2026-11-05 23:59;['24', 'MON'];PIC2026_33719;https://contrataciondelestado.es/wps/poc?uri=deeplink:detalle_licitacion&idEvl=ay%2BBmiaVWNzkY6rls5tG9A%3D%3D;https://cirameva.com/sanidad/licitaciones/contratacion-del-suministro-de-material-de-estimulacion-medu-3bdeb8/
equipamiento médico;33169100;;Suministro, instalación y puesta en funcionamiento de un láser fraccionado ablativo, Er:YAG (Granate de Aluminio e Itrio Dopado con Erbio);Secretaría General del Centro de Investigaciones Energéticas, Medioambientales y Tecnológicas (CIEMAT);Madrid;Madrid;Suministro;61000.0;61000.0;2026-11-06 14:00;['2', 'MON'];307656;https://contrataciondelestado.es/wps/poc?uri=deeplink:detalle_licitacion&idEvl=JW5koinegTCopEMYCmrbmw%3D%3D;https://cirameva.com/sanidad/licitaciones/suministro-instalacion-y-puesta-en-funcionamiento-de-un-lase-7fcce4/
salud mental;85121270;;Contratación de los servicios de orientación educativa y psicopedagógica en los centros escolares públicos de Mislata.;Alcaldía del Ayuntamiento de Mislata;Valencia/València;Mislata (Valencia);Servicios;1140260.0;570130.0;2026-11-09 23:59;['22', 'MON'];26-SE-19;https://contrataciondelestado.es/wps/poc?uri=deeplink:detalle_licitacion&idEvl=gtYt%2Bzas7chWhbmkna2nXQ%3D%3D;https://cirameva.com/sanidad/licitaciones/contratacion-de-los-servicios-de-orientacion-educativa-y-psi-98a0ad/
ayuda a domicilio;85320000;;Servicio público de ayuda a domicilio para atenciones personales, del Ayuntamiento de Salamanca.;Alcaldía del Ayuntamiento de Salamanca;Salamanca;Salamanca;Servicios;33264000.0;7560000.0;2026-11-09 23:59;['4', 'ANN'];258/2026;https://contrataciondelestado.es/wps/poc?uri=deeplink:detalle_licitacion&idEvl=NOkxC77L05W7JOCXkOhcDg%3D%3D;https://cirameva.com/sanidad/licitaciones/servicio-publico-de-ayuda-a-domicilio-para-atenciones-person-afc781/
material sanitario;33140000;;Suministro sostenible y respetuoso con el medio ambiente, de bobinas de camilla, pañuelos celulosa y bata TNT de protección del Hospital Universitario 12 de octubre;Hospital Universitario 12 de Octubre;;;Suministro;2475186.0;589330.0;2026-11-10 13:30;['12', 'MON'];2026-0-17;https://contratos-publicos.comunidad.madrid/contrato-publico/suministro-sostenible-respetuoso-medio-ambiente-bobinas-camilla-panuelos-celulosa;https://cirameva.com/sanidad/licitaciones/suministro-sostenible-y-respetuoso-con-el-medio-ambiente-de-754f5b/
medicamentos y reactivos;33600000;;Suministro de OMALIZUMAB SUBCUTÁNEO con destino al Servicio de Farmacia del Hospital Clinico San Carlos;Hospital Universitario Clínico San Carlos;;;Suministro;4218368.0;1318240.0;2026-11-16 23:59;['12', 'MON'];AMPA 2026-0-347 (A/SUM-042553/2026);https://contratos-publicos.comunidad.madrid/contrato-publico/suministro-omalizumab-subcutaneo-destino-servicio-farmacia-hospital-clinico-san-0;https://cirameva.com/sanidad/licitaciones/suministro-de-omalizumab-subcutaneo-con-destino-al-servicio-9c0c8f/
equipamiento médico;33140000;;Suministro de Equipos de Cobertura Quirúrgica Desechable y otros textiles relacionados para la OSI Ezkerraldea Enkarterri Cruces;OSAKIDETZA - Servicio Vasco de Salud -Director Gerente;;;Suministro;11251653.45;6027671.49;2026-11-19 14:30;['3', 'ANN'];2026/01360;https://www.contratacion.euskadi.eus/webkpe00-kpeperfi/es/contenidos/anuncio_contratacion/exposakisap2026001360/es_doc/index.html;https://cirameva.com/sanidad/licitaciones/suministro-de-equipos-de-cobertura-quirurgica-desechable-y-o-f5931b/
material sanitario;33140000;;Subministrament de material fungible sanitari per a l’elaboració de bosses de nutrició parenteral amb cessió de dos dispositius robotitzats de preparació de les solucions juntament amb el programari de gestió per al Servei de Farmàcia de l’Hospital Universitari de Bellvitge;ICS - Hospital Universitari de Bellvitge;;;Suministro;714267.3;465826.5;2026-12-31 14:00;['3', 'ANN'];CS/AH02/1101474347/26/AMU;https://contractaciopublica.cat/ca/detall-publicacio/85c2842a-fb5e-4acd-a9a8-841190d24a31/300882288;https://cirameva.com/sanidad/licitaciones/subministrament-de-material-fungible-sanitari-per-a-lelabora-3ddb50/
medicamentos y reactivos;33621000;;Sistema dinámico de adquisición hemoderivados y toxina butolínica;Dirección General de Recursos Económicos del Servicio Canario de la Salud;;Tenerife;Suministro;233869447.96;86618314.06;2028-08-20 23:59;;SDA/2026/0000006625;https://contrataciondelestado.es/wps/poc?uri=deeplink:detalle_licitacion&idEvl=OKARrUHTGNCopEMYCmrbmw%3D%3D;https://cirameva.com/sanidad/licitaciones/sistema-dinamico-de-adquisicion-hemoderivados-y-toxina-butol-356a29/
asistencia sanitaria;85143000;;Sistema Dinámico de Adquisición para la prestación de servicios preventivos sanitarios y de intervención para el Ayuntamiento de Vilanova i la Geltrú;Ajuntament de Vilanova i la Geltrú;;;Servicios;320312.4;;2030-07-22 23:59;['4', 'ANN'];182/2026/eCont;https://contractaciopublica.cat/ca/detall-publicacio/4ba95a15-ffbd-48c8-9bdd-da927a13b781/300896314;https://cirameva.com/sanidad/licitaciones/sistema-dinamico-de-adquisicion-para-la-prestacion-de-servic-48f7f6/
medicamentos y reactivos;33600000;;Sistema dinàmic d'adquisició per al subministrament agregat de medicaments exclusius i/o no substituïbles per als centres de l'Institut Català de la Salut i centres adherits: Consorci Mar Parc Salut, Institut d’Assistència Sanitària, Gestió de Serveis Sanitaris i Consorci Sanitari de l'Anoia;ICS - Gerència de compres;;;Suministro;2289035109.75;;2030-12-31 14:00;['1', 'ANN'];CS/CC00/1101442586/26/MAR;https://contractaciopublica.cat/ca/detall-publicacio/7af4ca80-6842-4225-968e-bc70ba660105/300878752;https://cirameva.com/sanidad/licitaciones/sistema-dinamic-d-adquisicio-per-al-subministrament-agregat-c7bd8d/
